Feature ID	Taxon	Confidence
003e93dd0883f3bbdb7baedec35f747a	D_0__Bacteria;D_1__Firmicutes;D_2__Clostridia;D_3__Clostridiales;D_4__Lachnospiraceae;D_5__[Ruminococcus] gauvreauii group	0.9900833772977206
01867eee473f48ae10399995cb0ed4a6	D_0__Bacteria;D_1__Firmicutes;D_2__Clostridia;D_3__Clostridiales;D_4__Christensenellaceae;D_5__Christensenellaceae R-7 group	0.7920110808103776
01901d6f4c906a71e2488045523ca7c2	D_0__Bacteria;D_1__Firmicutes;D_2__Clostridia;D_3__Clostridiales;D_4__Family XIII;D_5__[Eubacterium] brachy group;D_6__uncultured bacterium	0.9872344357611411
01905d3097b8842c7e642821f6277435	D_0__Bacteria;D_1__Firmicutes;D_2__Clostridia;D_3__Clostridiales;D_4__Ruminococcaceae;D_5__uncultured	0.8241446554190073
01ae42ba9c06bdfde13977a769342a97	D_0__Bacteria;D_1__Firmicutes;D_2__Clostridia;D_3__Clostridiales;D_4__Lachnospiraceae;D_5__[Eubacterium] hallii group	0.9998908777004436
01cc6e639515511383f35e5259dd70ea	D_0__Bacteria;D_1__Firmicutes;D_2__Clostridia;D_3__Clostridiales;D_4__Ruminococcaceae	0.8768847001932808
027057f49d084a31ad01dc3cdfd3b4a8	D_0__Bacteria;D_1__Actinobacteria;D_2__Coriobacteriia;D_3__Coriobacteriales;D_4__Coriobacteriales Incertae Sedis;D_5__uncultured;D_6__gut metagenome	0.977774064300984
02b9ae73bc368f975122c28e2a347513	D_0__Bacteria;D_1__Firmicutes;D_2__Clostridia;D_3__Clostridiales;D_4__Ruminococcaceae;D_5__Intestinimonas	0.7369596490852491
02f0ee6f46fb557154ad44b6666f698a	D_0__Bacteria;D_1__Firmicutes;D_2__Clostridia;D_3__Clostridiales;D_4__Ruminococcaceae;D_5__[Eubacterium] coprostanoligenes group;D_6__uncultured rumen bacterium	0.7548885823053348
03653853ef40b4392d87274098a2f7a7	D_0__Bacteria;D_1__Proteobacteria;D_2__Alphaproteobacteria;D_3__Rhodospirillales;D_4__uncultured;D_5__Azospirillum sp. 47_25;D_6__Azospirillum sp. 47_25	0.9950749725069907
03ceed35e7c81c3529604a8c21b4fee8	D_0__Bacteria;D_1__Firmicutes;D_2__Clostridia;D_3__Clostridiales;D_4__Lachnospiraceae	0.999991424353139
03f49439e811873ca2f329b9a712b28a	D_0__Bacteria;D_1__Bacteroidetes;D_2__Bacteroidia;D_3__Bacteroidales;D_4__Bacteroidaceae;D_5__Bacteroides	0.998956937208797
04863e760cfac55b9b58fbb2f0054d04	D_0__Bacteria;D_1__Firmicutes;D_2__Clostridia;D_3__Clostridiales;D_4__Ruminococcaceae	0.9552306934790219
04e776b2dcbfa3b930453bf71dbfae6c	D_0__Bacteria;D_1__Firmicutes;D_2__Clostridia;D_3__Clostridiales;D_4__Lachnospiraceae;D_5__Tyzzerella 4	0.9922613883983269
050f42778dabd9b5714b301da31745ac	D_0__Bacteria;D_1__Firmicutes;D_2__Clostridia;D_3__Clostridiales;D_4__Ruminococcaceae;D_5__DTU089	0.9999394780534254
057001074c1a7bb04eed46e09ee403eb	D_0__Bacteria;D_1__Firmicutes;D_2__Clostridia;D_3__Clostridiales;D_4__Family XI;D_5__Peptoniphilus	0.9998230235262413
05b3c37966de355dc39930c4103ff589	D_0__Bacteria;D_1__Firmicutes;D_2__Negativicutes;D_3__Selenomonadales;D_4__Veillonellaceae;D_5__Veillonella	0.9999371491860878
05f8c43bb34deb40cbcc164e64410db6	D_0__Bacteria;D_1__Proteobacteria;D_2__Gammaproteobacteria;D_3__Betaproteobacteriales;D_4__Burkholderiaceae;D_5__Parasutterella	0.9997623448745652
06a6e5bcf8c2b8dc026c93190ef43175	D_0__Bacteria;D_1__Proteobacteria;D_2__Deltaproteobacteria;D_3__Desulfovibrionales;D_4__Desulfovibrionaceae;D_5__Bilophila;D_6__uncultured delta proteobacterium	0.8494382829456922
06c7a40b261a87f5728cbe7aceadb67d	D_0__Bacteria;D_1__Firmicutes;D_2__Clostridia;D_3__Clostridiales;D_4__Ruminococcaceae;D_5__[Eubacterium] coprostanoligenes group;D_6__gut metagenome	0.8534792236304417
070dae6e1b47f289426947640b641de8	D_0__Bacteria;D_1__Firmicutes;D_2__Clostridia;D_3__Clostridiales;D_4__Lachnospiraceae;D_5__Lachnospiraceae UCG-010;D_6__uncultured organism	0.9942336697689285
07b64b23fa88ace003944a6bd9ee7bb7	D_0__Bacteria;D_1__Firmicutes;D_2__Clostridia;D_3__Clostridiales;D_4__Ruminococcaceae;D_5__Butyricicoccus	0.9999015809295405
07cff0518b6368c3afccee993d0ca56f	D_0__Bacteria;D_1__Firmicutes;D_2__Clostridia;D_3__Clostridiales;D_4__Ruminococcaceae	0.9989239084490229
07f482635d4161743e76c382a2455edb	D_0__Bacteria;D_1__Firmicutes;D_2__Bacilli;D_3__Bacillales;D_4__Bacillaceae	0.7211861479972855
0824a0e6187240051fc0c7fbd7b5c239	D_0__Bacteria;D_1__Firmicutes;D_2__Bacilli;D_3__Bacillales;D_4__Bacillaceae	0.815666397248631
09046482660671dd05e1a0bd8ad139df	D_0__Bacteria;D_1__Firmicutes;D_2__Clostridia;D_3__Clostridiales;D_4__Ruminococcaceae;D_5__Butyricicoccus	0.9921686576002675
0923b77e67bbf1d883e3a2dc16a7dca0	D_0__Bacteria;D_1__Bacteroidetes;D_2__Bacteroidia;D_3__Bacteroidales;D_4__Tannerellaceae;D_5__Parabacteroides	0.9993205930042509
097138be3a15c87233cb01e6ee6a4da4	D_0__Bacteria;D_1__Firmicutes;D_2__Clostridia;D_3__Clostridiales;D_4__Lachnospiraceae;D_5__[Eubacterium] eligens group	0.9994140716546487
0aa1e341a3239d96c889e83c53654398	D_0__Bacteria;D_1__Proteobacteria;D_2__Gammaproteobacteria;D_3__Enterobacteriales;D_4__Enterobacteriaceae	0.999567697215304
0b93c7207d6f38b6b3ce1efc7c32d08b	D_0__Bacteria;D_1__Actinobacteria;D_2__Actinobacteria;D_3__Corynebacteriales;D_4__Corynebacteriaceae;D_5__Corynebacterium 1	0.8106490273517702
0bccc227c7da16265dd7a64a495a8b24	D_0__Bacteria;D_1__Proteobacteria;D_2__Deltaproteobacteria;D_3__Desulfovibrionales;D_4__Desulfovibrionaceae;D_5__Bilophila	0.9990281243833058
0cf14346602d3be544a2ffb219d645b8	D_0__Bacteria;D_1__Firmicutes;D_2__Clostridia;D_3__Clostridiales;D_4__Lachnospiraceae;D_5__Blautia	0.9912976572083635
0e16dc804e6b69b990d20958f95b37db	D_0__Bacteria;D_1__Firmicutes;D_2__Clostridia;D_3__Clostridiales;D_4__Family XIII;D_5__Family XIII AD3011 group;D_6__uncultured Eubacterium sp.	0.9474142381137622
0e21cc1bf0d4d2cf722112c5a4ae3134	D_0__Bacteria;D_1__Firmicutes;D_2__Bacilli;D_3__Lactobacillales;D_4__Streptococcaceae;D_5__Streptococcus;D_6__Streptococcus thermophilus TH1435	0.8576732110617741
0e3439406622be6205c1109f0485003f	D_0__Bacteria;D_1__Firmicutes;D_2__Clostridia;D_3__Clostridiales;D_4__Ruminococcaceae	0.8653557909037961
0f80b2df744f7e04b3030dc0edfec3eb	D_0__Bacteria;D_1__Firmicutes;D_2__Clostridia;D_3__Clostridiales;D_4__Lachnospiraceae	0.9999939322593122
0fbd7a60ee805d9230bf895d65da07de	D_0__Bacteria;D_1__Bacteroidetes;D_2__Bacteroidia;D_3__Bacteroidales;D_4__Marinifilaceae;D_5__Butyricimonas	0.9372654690693133
105969b44e55c29249c2c539a0eb2b39	D_0__Bacteria;D_1__Bacteroidetes;D_2__Bacteroidia;D_3__Bacteroidales;D_4__Rikenellaceae;D_5__Alistipes	0.7282023843015365
110ad3992f825e7203f1923383607888	D_0__Bacteria;D_1__Verrucomicrobia;D_2__Verrucomicrobiae;D_3__Verrucomicrobiales;D_4__Akkermansiaceae;D_5__Akkermansia	0.9999976620067869
130a8330de52a69354df4f227b62c052	D_0__Bacteria;D_1__Firmicutes;D_2__Erysipelotrichia;D_3__Erysipelotrichales;D_4__Erysipelotrichaceae;D_5__[Clostridium] innocuum group	0.9999811021612667
13fae76db728266d715f43da8b06cb88	D_0__Bacteria;D_1__Firmicutes;D_2__Clostridia;D_3__Clostridiales;D_4__Christensenellaceae;D_5__Catabacter;D_6__Christensenella massiliensis	0.9925834144366947
14e5b96d6212779ac743ec82dfda1f24	D_0__Bacteria;D_1__Firmicutes;D_2__Clostridia;D_3__Clostridiales;D_4__Lachnospiraceae	0.999871979951644
14e5bc76eb89c574b800654364a9a6d2	D_0__Bacteria;D_1__Firmicutes;D_2__Clostridia;D_3__Clostridiales;D_4__Lachnospiraceae;D_5__Lachnoclostridium	0.9954090326453314
15a82209f683cb04adda7a9890598336	D_0__Bacteria;D_1__Bacteroidetes;D_2__Bacteroidia;D_3__Bacteroidales;D_4__Rikenellaceae;D_5__Alistipes	0.9998898178695865
15de8f3c7d606dc32447b7267f7c265e	D_0__Bacteria;D_1__Firmicutes;D_2__Clostridia;D_3__Clostridiales;D_4__Lachnospiraceae;D_5__Lachnospiraceae UCG-004	0.9040227153731456
1650be2cf9cad731fff3d965d1741930	D_0__Bacteria;D_1__Firmicutes;D_2__Clostridia;D_3__Clostridiales;D_4__Ruminococcaceae;D_5__Ruminococcaceae UCG-005;D_6__uncultured rumen bacterium	0.9018606784609137
16d12481fde3cfa6a4db366d25411122	D_0__Bacteria;D_1__Firmicutes;D_2__Clostridia;D_3__Clostridiales;D_4__Ruminococcaceae;D_5__Ruminiclostridium 9;D_6__uncultured Flavonifractor sp.	0.8565721574389883
185f3f41e125d5ab4248b91e825444be	D_0__Bacteria;D_1__Firmicutes;D_2__Clostridia;D_3__Clostridiales;D_4__Christensenellaceae;D_5__uncultured;D_6__uncultured organism	0.9992166942524967
18bbaffee20be0f8ffbf263c1b82da7d	D_0__Bacteria;D_1__Actinobacteria;D_2__Coriobacteriia;D_3__Coriobacteriales;D_4__Coriobacteriaceae;D_5__Collinsella	0.9999804239892203
18d57bcdab61ef704cfedc7e0f6e4cd5	D_0__Bacteria;D_1__Firmicutes;D_2__Clostridia;D_3__Clostridiales;D_4__Lachnospiraceae	0.9963486120762678
197e11a7f1ed7a7eb49f607aa31452c8	D_0__Bacteria;D_1__Bacteroidetes;D_2__Bacteroidia;D_3__Bacteroidales;D_4__Marinifilaceae;D_5__Odoribacter;D_6__gut metagenome	0.8702575929711356
1af4eb1e2c82c55e020e91630d307925	D_0__Bacteria;D_1__Firmicutes;D_2__Clostridia;D_3__Clostridiales;D_4__Clostridiales vadinBB60 group;D_5__uncultured Thermoanaerobacterales bacterium;D_6__uncultured Thermoanaerobacterales bacterium	0.8306021870629096
1b4edb753532bc80cc87a0df76769110	D_0__Bacteria;D_1__Proteobacteria;D_2__Gammaproteobacteria;D_3__Enterobacteriales;D_4__Enterobacteriaceae;D_5__Escherichia-Shigella	0.9583894524430359
1d41ff24982d67bbea01c41361ac42eb	D_0__Bacteria;D_1__Firmicutes;D_2__Clostridia;D_3__Clostridiales;D_4__Ruminococcaceae;D_5__Ruminococcaceae UCG-003	0.9531172480892147
1de8004c0f5477800f851654c36fc2b4	D_0__Bacteria;D_1__Firmicutes;D_2__Clostridia;D_3__Clostridiales;D_4__Ruminococcaceae;D_5__Ruminococcaceae UCG-010	0.7071657131695293
20850f6675c4233100f70ecf1448957e	D_0__Bacteria;D_1__Firmicutes;D_2__Clostridia;D_3__Clostridiales;D_4__Ruminococcaceae;D_5__Negativibacillus;D_6__uncultured bacterium	0.9147984143795931
20ec2008e0cde12ae9db741e1fdbf894	D_0__Bacteria;D_1__Firmicutes;D_2__Clostridia;D_3__Clostridiales;D_4__Lachnospiraceae;D_5__Lachnospiraceae ND3007 group	0.9999592353582089
20eddffc010afd59a6a57cc1a8b2174d	D_0__Bacteria;D_1__Firmicutes;D_2__Clostridia;D_3__Clostridiales;D_4__Lachnospiraceae;D_5__Coprococcus 2	0.9991500287333214
21608a78e235511096bfa4dad69bb75a	D_0__Bacteria;D_1__Bacteroidetes;D_2__Bacteroidia;D_3__Bacteroidales;D_4__Prevotellaceae;D_5__Prevotella 6	0.8000433191190444
217e0615440425fc33232133073bbca1	D_0__Bacteria;D_1__Firmicutes;D_2__Clostridia;D_3__Clostridiales;D_4__Peptococcaceae;D_5__uncultured;D_6__uncultured soil bacterium	0.9652619346085525
22821e0d2be74a0f2ac66dcdf4dc9147	D_0__Bacteria;D_1__Firmicutes;D_2__Negativicutes;D_3__Selenomonadales;D_4__Veillonellaceae;D_5__Dialister	0.9997336788646843
22b109c04e8a2d7edde8d229b99350a5	D_0__Bacteria;D_1__Firmicutes;D_2__Erysipelotrichia;D_3__Erysipelotrichales;D_4__Erysipelotrichaceae;D_5__Holdemania	0.9998428547697558
22f35accbb7cc22174237ad3b55a3137	D_0__Bacteria;D_1__Firmicutes;D_2__Clostridia;D_3__Clostridiales;D_4__Ruminococcaceae;D_5__Ruminococcaceae UCG-002	0.9948524706748126
24029c63a36bd5c4de117203045fc346	D_0__Bacteria;D_1__Firmicutes;D_2__Clostridia;D_3__Clostridiales;D_4__Ruminococcaceae;D_5__Ruminococcaceae UCG-014	0.9999615093405408
2440362c889061ed1e3336b6294559b9	D_0__Bacteria;D_1__Firmicutes;D_2__Clostridia;D_3__Clostridiales;D_4__Lachnospiraceae;D_5__Roseburia	0.9793034995292078
250ae434718610d409882ad11002f97d	D_0__Bacteria;D_1__Firmicutes;D_2__Clostridia;D_3__Clostridiales;D_4__Lachnospiraceae;D_5__Lachnospiraceae UCG-001	0.852533261054799
25819d800739d8184033dd6b57af16a4	D_0__Bacteria;D_1__Firmicutes;D_2__Clostridia;D_3__Clostridiales;D_4__Ruminococcaceae;D_5__Subdoligranulum	0.9885883409763735
25c1653a751b87e522eb1d73426f2d0b	D_0__Bacteria;D_1__Firmicutes;D_2__Clostridia;D_3__Clostridiales;D_4__Ruminococcaceae;D_5__Ruminococcaceae UCG-002	0.9991903139257696
265f63913fa0c782699945b493eeaeca	D_0__Bacteria;D_1__Proteobacteria;D_2__Gammaproteobacteria;D_3__Pasteurellales;D_4__Pasteurellaceae;D_5__Haemophilus	0.7716717380049689
2660f0d6c89a079968e47e3215ab4bc3	D_0__Bacteria;D_1__Bacteroidetes;D_2__Bacteroidia;D_3__Bacteroidales;D_4__Bacteroidaceae;D_5__Bacteroides	0.9999958461363634
26b0599c6f3f889fc1441babff4f74cd	D_0__Bacteria;D_1__Firmicutes;D_2__Bacilli;D_3__Lactobacillales;D_4__Streptococcaceae;D_5__Lactococcus	0.9999237707668468
26e5532d84cc33496177bec1f06734bc	D_0__Bacteria;D_1__Firmicutes;D_2__Negativicutes;D_3__Selenomonadales;D_4__Veillonellaceae;D_5__Dialister	0.9956530637934231
28025092620ae574a27c970740aec973	D_0__Bacteria;D_1__Firmicutes;D_2__Clostridia;D_3__Clostridiales;D_4__Ruminococcaceae;D_5__Ruminococcus 2	0.9956887839310045
28211b24e34430ef59679f79b46616fc	D_0__Bacteria;D_1__Firmicutes;D_2__Bacilli;D_3__Bacillales;D_4__Bacillaceae;D_5__uncultured;D_6__uncultured Virgibacillus sp.	0.944375813447887
2921312863db12eff67d0e0bae2104d0	D_0__Bacteria;D_1__Firmicutes;D_2__Bacilli;D_3__Bacillales;D_4__Planococcaceae	0.8580095940687243
296e5b88c1d5afe3a038af8cfdeca215	D_0__Bacteria;D_1__Firmicutes;D_2__Clostridia;D_3__Clostridiales;D_4__Ruminococcaceae	0.8608603163479207
29a31ce4bc3e31a54386118774b1c6c9	D_0__Bacteria;D_1__Firmicutes;D_2__Clostridia;D_3__Clostridiales;D_4__Ruminococcaceae;D_5__Ruminococcaceae UCG-014	0.9999786711920017
29c89bfc7a3f0ee4d64f4a72b813e9bb	D_0__Bacteria;D_1__Bacteroidetes;D_2__Bacteroidia;D_3__Bacteroidales;D_4__Bacteroidaceae;D_5__Bacteroides	0.9999752959144497
2a65ea84af79ed5b12133b79a4316e73	D_0__Bacteria;D_1__Firmicutes;D_2__Clostridia;D_3__Clostridiales;D_4__Lachnospiraceae;D_5__GCA-900066575	0.9972785001463691
2ba0671e6e3c53c41c85e7646666eb07	D_0__Bacteria;D_1__Firmicutes;D_2__Clostridia;D_3__Clostridiales;D_4__Ruminococcaceae;D_5__Ruminococcaceae NK4A214 group	0.970044015141985
2bf46435c400487c83d22314b159edd3	D_0__Bacteria;D_1__Firmicutes;D_2__Clostridia;D_3__Clostridiales;D_4__Lachnospiraceae;D_5__Lachnospira;D_6__gut metagenome	0.7549762030506116
2d9b26b59320b37c0abc29d4005e5596	D_0__Bacteria;D_1__Firmicutes;D_2__Clostridia;D_3__Clostridiales;D_4__Ruminococcaceae;D_5__Ruminococcus 1	0.9993763413152398
2f2ff15fe3d7d5b9f3eaf57c0085d696	D_0__Bacteria;D_1__Firmicutes;D_2__Clostridia;D_3__Clostridiales;D_4__Lachnospiraceae;D_5__Lachnospiraceae NK4A136 group	0.8226150302703632
308d943fab9bf9c8e6a1a3493d71d8a6	D_0__Bacteria;D_1__Firmicutes;D_2__Clostridia;D_3__Clostridiales;D_4__Ruminococcaceae	0.8897868276088973
30c4e6e8ec391ad07eb6a1165cf46311	D_0__Bacteria;D_1__Bacteroidetes;D_2__Bacteroidia;D_3__Bacteroidales;D_4__Porphyromonadaceae;D_5__Porphyromonas	0.7043345690508724
31e24fc9d4e3c8dc51279ceb897f3cef	D_0__Bacteria;D_1__Firmicutes;D_2__Bacilli;D_3__Bacillales;D_4__Bacillaceae;D_5__Bacillus	0.9240812166112392
31e4f870a27a2b5fa2f29b4b3ce9797d	D_0__Bacteria;D_1__Bacteroidetes;D_2__Bacteroidia;D_3__Bacteroidales;D_4__Bacteroidaceae;D_5__Bacteroides	0.9999715433614679
33b19ddc04e29a0f6c55716d40551ec6	D_0__Bacteria;D_1__Firmicutes;D_2__Clostridia;D_3__Clostridiales;D_4__Family XI;D_5__Peptoniphilus	0.999999398361224
34b8adfd383e67b3a25385389ecc77de	D_0__Bacteria;D_1__Firmicutes;D_2__Clostridia;D_3__Clostridiales;D_4__Lachnospiraceae;D_5__CAG-56;D_6__uncultured bacterium	0.7032696857561285
34fcbf1e6d78537cc502407616d82509	D_0__Bacteria;D_1__Firmicutes;D_2__Clostridia;D_3__Clostridiales;D_4__Ruminococcaceae;D_5__Angelakisella;D_6__uncultured bacterium	0.9691036871853135
351ada508eb5effd2a04d1a7ee3dc57e	D_0__Bacteria;D_1__Firmicutes;D_2__Bacilli;D_3__Bacillales;D_4__Bacillaceae;D_5__Bacillus	0.9771632054386034
3569638ef99ff21371c043793343e5aa	D_0__Bacteria;D_1__Firmicutes;D_2__Clostridia;D_3__Clostridiales;D_4__Family XI;D_5__Finegoldia	0.9999948954002266
3577135be0002b683f8616384f6045b3	D_0__Bacteria;D_1__Firmicutes;D_2__Clostridia;D_3__Clostridiales;D_4__Ruminococcaceae;D_5__Ruminococcaceae UCG-014	0.9999902433902875
35855aca2b2e9ee215b3e0878024525d	D_0__Bacteria;D_1__Firmicutes;D_2__Bacilli;D_3__Bacillales	0.9988426897455108
35c1e936720d7e385f02e3da2ec6789f	D_0__Bacteria;D_1__Actinobacteria;D_2__Actinobacteria;D_3__Corynebacteriales;D_4__Corynebacteriaceae	0.9998567526815699
35fdc9ee28cfc2bbde8d1a15cbb278fe	D_0__Bacteria;D_1__Firmicutes;D_2__Clostridia;D_3__Clostridiales;D_4__Lachnospiraceae;D_5__[Eubacterium] hallii group	0.9999632238001898
364802912f16887aa5dbc406d72cfd36	D_0__Bacteria;D_1__Firmicutes;D_2__Bacilli;D_3__Lactobacillales;D_4__Enterococcaceae;D_5__Enterococcus	0.9569100517857989
37353f1447b5ee3a5694bf42dc884985	D_0__Bacteria;D_1__Proteobacteria;D_2__Gammaproteobacteria;D_3__Enterobacteriales;D_4__Enterobacteriaceae	0.9910831794365011
38a3b69bfadc902a8debe7d4b8a5be84	D_0__Bacteria;D_1__Firmicutes;D_2__Clostridia;D_3__Clostridiales;D_4__Ruminococcaceae;D_5__Ruminococcus 1	0.9963863831060306
38f716c745032458dc30e17beb715633	D_0__Bacteria;D_1__Firmicutes;D_2__Negativicutes;D_3__Selenomonadales;D_4__Veillonellaceae;D_5__Dialister	0.9986556086418846
3929d29a31d4b66f7fdc71b92a3d41d0	D_0__Bacteria;D_1__Proteobacteria;D_2__Gammaproteobacteria;D_3__Enterobacteriales;D_4__Enterobacteriaceae	0.991574024866888
394e1f7752cba916efe33c188d7a3aeb	D_0__Bacteria;D_1__Firmicutes;D_2__Bacilli;D_3__Bacillales;D_4__Planococcaceae	0.7992130220935435
39c4c18f5991a6e365340eb4d1596216	D_0__Bacteria;D_1__Bacteroidetes;D_2__Bacteroidia;D_3__Bacteroidales;D_4__Barnesiellaceae;D_5__Barnesiella	0.9998019299436336
3a8cde26979f03989e6a8daa6b6afe3f	D_0__Bacteria;D_1__Firmicutes;D_2__Clostridia;D_3__Clostridiales;D_4__Lachnospiraceae;D_5__[Ruminococcus] torques group	0.949169056851053
3afa1744f3ae0837a846e1c30f680022	D_0__Bacteria;D_1__Bacteroidetes;D_2__Bacteroidia;D_3__Bacteroidales;D_4__Rikenellaceae;D_5__Alistipes;D_6__Alistipes sp. AL-1	0.7537997556584124
3aff86612c636c81b8e9c03aab005cca	D_0__Bacteria;D_1__Bacteroidetes;D_2__Bacteroidia;D_3__Bacteroidales;D_4__Bacteroidaceae;D_5__Bacteroides	0.999970614322871
3b55e479207d8024c1b79cc8f8653a29	D_0__Bacteria;D_1__Firmicutes;D_2__Clostridia;D_3__Clostridiales;D_4__Lachnospiraceae;D_5__Lachnospiraceae UCG-010;D_6__uncultured organism	0.9988356074670026
3bf40793e74d047b0c7cc763ba432d76	D_0__Bacteria;D_1__Bacteroidetes;D_2__Bacteroidia;D_3__Bacteroidales;D_4__Rikenellaceae;D_5__Alistipes;D_6__uncultured Alistipes sp.	0.716104498240743
3d505e8dc3d9250e8243fbaf9d17f50f	D_0__Bacteria;D_1__Proteobacteria;D_2__Gammaproteobacteria;D_3__Enterobacteriales;D_4__Enterobacteriaceae	0.9943505572847214
3de3b1782d271730e13b73358f554278	D_0__Bacteria;D_1__Firmicutes;D_2__Erysipelotrichia;D_3__Erysipelotrichales;D_4__Erysipelotrichaceae;D_5__Erysipelatoclostridium	0.9999857357842222
3ea5569475b6052ee8202a85d09c3c67	D_0__Bacteria;D_1__Firmicutes;D_2__Clostridia;D_3__Clostridiales;D_4__Lachnospiraceae	0.9998291334189998
41bff55ad14e9c21ebaffa842cf54240	D_0__Bacteria;D_1__Bacteroidetes;D_2__Bacteroidia;D_3__Bacteroidales;D_4__Tannerellaceae;D_5__Parabacteroides;D_6__Parabacteroides faecis	0.7589317921703692
42335451002e743fd705a300b373fb75	D_0__Bacteria;D_1__Firmicutes;D_2__Negativicutes;D_3__Selenomonadales;D_4__Veillonellaceae;D_5__Mitsuokella	0.9204158204994184
42df52e7cdae157a30b0fa54659d1161	D_0__Bacteria;D_1__Proteobacteria;D_2__Alphaproteobacteria;D_3__Rhodospirillales;D_4__uncultured;D_5__gut metagenome;D_6__gut metagenome	0.9981272158145804
43c171c5a1845d1ac3dc762b964f6921	D_0__Bacteria;D_1__Firmicutes;D_2__Clostridia;D_3__Clostridiales;D_4__Family XI;D_5__Peptoniphilus;D_6__Clostridiales bacterium SIT11	0.9709399085515812
4429ea13ae641000b4154915581f3dfa	D_0__Bacteria;D_1__Bacteroidetes;D_2__Bacteroidia;D_3__Bacteroidales;D_4__Tannerellaceae;D_5__Parabacteroides	0.9999436586270317
44762fa4fbf3bda4013056c5e32ee073	D_0__Bacteria;D_1__Firmicutes;D_2__Clostridia;D_3__Clostridiales	0.7673167971072858
4514c4ab64c0f928f2f5782ba6439066	D_0__Bacteria;D_1__Firmicutes;D_2__Clostridia;D_3__Clostridiales;D_4__Lachnospiraceae;D_5__[Ruminococcus] torques group	0.9836799480473605
455bab4b7274ca67b6d45686e4f17291	D_0__Bacteria;D_1__Bacteroidetes;D_2__Bacteroidia;D_3__Bacteroidales;D_4__Prevotellaceae;D_5__Prevotella	0.9979694727483097
458c143205a65b86a76ff0abfde29440	D_0__Bacteria;D_1__Firmicutes;D_2__Clostridia;D_3__Clostridiales;D_4__Christensenellaceae;D_5__Christensenellaceae R-7 group;D_6__uncultured Lachnospiraceae bacterium	0.8194112267271499
45985e4f73e1b004aead0241091a34d3	D_0__Bacteria;D_1__Bacteroidetes;D_2__Bacteroidia;D_3__Bacteroidales;D_4__Bacteroidaceae;D_5__Bacteroides	0.9999943520416233
45c8d14eb00ef2e9f7e2c5dd9f9e58bc	D_0__Bacteria;D_1__Firmicutes;D_2__Clostridia;D_3__Clostridiales;D_4__Lachnospiraceae;D_5__Coprococcus 3	0.9565642187439778
46e2d2905040172f9f995c5da95d2c41	D_0__Bacteria;D_1__Proteobacteria;D_2__Gammaproteobacteria;D_3__Enterobacteriales;D_4__Enterobacteriaceae	0.9934167571777971
472add265a8fecd6b4806faf02405a8f	D_0__Bacteria;D_1__Bacteroidetes;D_2__Bacteroidia;D_3__Bacteroidales;D_4__Rikenellaceae;D_5__Alistipes	0.959775199094405
484cb0f953ccaafa5a0308ae49649e41	D_0__Bacteria;D_1__Firmicutes;D_2__Clostridia;D_3__Clostridiales;D_4__Ruminococcaceae;D_5__Ruminococcus 2	0.9949969216481329
48b28d6261de912b84deef5c2eeccbb9	D_0__Bacteria;D_1__Firmicutes;D_2__Negativicutes;D_3__Selenomonadales;D_4__Acidaminococcaceae;D_5__Phascolarctobacterium;D_6__Ruminococcus sp. N15.MGS-57	0.7900666431457138
48f668a9ffaa7dbdd983291ecbcf728b	D_0__Bacteria;D_1__Bacteroidetes;D_2__Bacteroidia;D_3__Bacteroidales	0.9093616860901891
48fe450158dd56cb9e232a92ed59c68c	D_0__Bacteria;D_1__Tenericutes;D_2__Mollicutes;D_3__Mollicutes RF39	0.994511941481622
4926f7c8d4a88e2dc426b779457e4964	D_0__Bacteria;D_1__Firmicutes;D_2__Clostridia;D_3__Clostridiales;D_4__Ruminococcaceae;D_5__uncultured;D_6__uncultured Clostridium sp.	0.7198996002457498
493044967137503ef18a55070782e5b5	D_0__Bacteria;D_1__Firmicutes;D_2__Clostridia;D_3__Clostridiales;D_4__Lachnospiraceae	0.9999596186396316
4992fe88d423462ce9b1b488ce1a3a09	D_0__Bacteria;D_1__Firmicutes;D_2__Clostridia;D_3__Clostridiales;D_4__Clostridiaceae 1;D_5__Clostridium sensu stricto 1	0.9979481007984448
4a42414a4ea30bafd9a89f3e1ada5a95	D_0__Bacteria;D_1__Firmicutes;D_2__Bacilli;D_3__Lactobacillales;D_4__Streptococcaceae;D_5__Streptococcus	0.9999592225884494
4ad693ffe6b974add266bba66afd4e0b	D_0__Bacteria;D_1__Tenericutes;D_2__Mollicutes;D_3__Mollicutes RF39;D_4__uncultured bacterium;D_5__uncultured bacterium;D_6__uncultured bacterium	0.8445505163341981
4e47885b5c58f76e601225b3f116012a	D_0__Bacteria;D_1__Bacteroidetes;D_2__Bacteroidia;D_3__Bacteroidales;D_4__Bacteroidaceae;D_5__Bacteroides	0.9999605934706042
4eaf71a348f586811bc52d4bba9a2bab	D_0__Bacteria;D_1__Firmicutes;D_2__Clostridia;D_3__Clostridiales;D_4__Lachnospiraceae;D_5__Blautia	0.9639867023202557
4ed327cbd63f7814eed36b4ec6894867	D_0__Bacteria;D_1__Firmicutes;D_2__Clostridia;D_3__Clostridiales;D_4__Family XI;D_5__Peptoniphilus	0.9999988430371708
4f2ee2e9638f1c3740dccec35578b17c	D_0__Bacteria;D_1__Firmicutes;D_2__Clostridia;D_3__Clostridiales;D_4__Lachnospiraceae;D_5__Lachnoclostridium	0.9224444712555636
4f376945e3087fd844bfe06d3ffc0998	D_0__Bacteria;D_1__Bacteroidetes;D_2__Bacteroidia;D_3__Bacteroidales;D_4__Bacteroidaceae;D_5__Bacteroides	0.9999521269925006
4f6b1f7cd47edbee844dd47ea8f0ac2b	D_0__Bacteria;D_1__Firmicutes;D_2__Clostridia;D_3__Clostridiales;D_4__Lachnospiraceae;D_5__Blautia;D_6__Blautia sp. YHC-4	0.7842313953666492
5019ef094216795f90dfdbb1846cf108	D_0__Bacteria;D_1__Proteobacteria;D_2__Gammaproteobacteria;D_3__Enterobacteriales;D_4__Enterobacteriaceae	0.9978198433015949
504687adb582701412c2398587d62e90	D_0__Bacteria;D_1__Firmicutes;D_2__Clostridia;D_3__Clostridiales;D_4__Lachnospiraceae;D_5__Anaerostipes	0.999939504366195
52429f7f73a7f63f84f0d9132d1df95c	D_0__Bacteria;D_1__Firmicutes;D_2__Clostridia;D_3__Clostridiales;D_4__Ruminococcaceae;D_5__Ruminococcaceae UCG-010;D_6__gut metagenome	0.7633953533166775
52587fe587b5a2f19c6d2c4bf275d9e3	D_0__Bacteria;D_1__Firmicutes;D_2__Clostridia;D_3__Clostridiales;D_4__Lachnospiraceae;D_5__Lachnospiraceae FCS020 group;D_6__uncultured Clostridium sp.	0.9305645430245308
52e94808258f1fb07a5a897889f17a3b	D_0__Bacteria;D_1__Bacteroidetes;D_2__Bacteroidia;D_3__Bacteroidales;D_4__Prevotellaceae;D_5__Prevotella 7;D_6__uncultured Bacteroidetes bacterium	0.9995900161411015
53725a713292ed50885510af46e141da	D_0__Bacteria;D_1__Firmicutes;D_2__Clostridia;D_3__Clostridiales;D_4__Ruminococcaceae;D_5__Subdoligranulum	0.9936647223811856
53e1b633c5fdeb65fac2940f6df4b36d	D_0__Bacteria;D_1__Actinobacteria;D_2__Coriobacteriia;D_3__Coriobacteriales;D_4__Coriobacteriales Incertae Sedis;D_5__uncultured;D_6__uncultured organism	0.9932785933221466
54427d788cffd2455e94a8b03e9d7557	D_0__Bacteria;D_1__Firmicutes;D_2__Clostridia;D_3__Clostridiales;D_4__Ruminococcaceae;D_5__Ruminococcaceae UCG-002	0.9862315207062666
5585e9ecc7d66b7cd2bc1e2aa80c2470	D_0__Bacteria;D_1__Firmicutes;D_2__Clostridia;D_3__Clostridiales;D_4__Family XI;D_5__Ezakiella	0.9999860010505125
55d2c06b3d303ab2077d695f1135ec40	D_0__Bacteria;D_1__Bacteroidetes;D_2__Bacteroidia;D_3__Bacteroidales;D_4__Bacteroidaceae;D_5__Bacteroides	0.9999919075364428
55e7cd221761f96b54cedb166b5d50df	D_0__Bacteria;D_1__Bacteroidetes;D_2__Bacteroidia;D_3__Bacteroidales;D_4__Bacteroidaceae;D_5__Bacteroides	0.9999543100354651
581e70b582bd250dac27740ad76c8081	D_0__Bacteria;D_1__Firmicutes;D_2__Clostridia;D_3__Clostridiales;D_4__Ruminococcaceae;D_5__Ruminococcaceae UCG-014	0.9999905544065596
5888fcc35fbc5687f668d7914bf1b381	D_0__Bacteria;D_1__Firmicutes;D_2__Clostridia;D_3__Clostridiales;D_4__Eubacteriaceae;D_5__Acetobacterium	0.9999582226677268
58a9b72ab4899ab571e77b29cf5a572b	Unassigned	0.5725913623294048
58e97aee53994fc4349a16e247fbeab6	D_0__Bacteria;D_1__Bacteroidetes;D_2__Bacteroidia;D_3__Bacteroidales;D_4__Bacteroidaceae;D_5__Bacteroides	0.9999929232178655
595fb33b96887106fd96179b97f6efc7	D_0__Bacteria;D_1__Firmicutes;D_2__Clostridia;D_3__Clostridiales	0.8565268377909173
5a6f4b8d70e15dc2574f3086c1aca2e1	D_0__Bacteria;D_1__Firmicutes;D_2__Clostridia;D_3__Clostridiales;D_4__Peptococcaceae;D_5__uncultured	0.9749031780606913
5bbbcd2b4a53b3f471f411a0c7760303	D_0__Bacteria;D_1__Bacteroidetes;D_2__Bacteroidia;D_3__Bacteroidales;D_4__Rikenellaceae;D_5__Alistipes	0.999741191872864
5c642c9189b99ecfb98cae94eb82e64e	D_0__Archaea;D_1__Euryarchaeota;D_2__Methanobacteria;D_3__Methanobacteriales;D_4__Methanobacteriaceae;D_5__Methanobrevibacter	0.9992155967644223
5d0205d4c6e796a6693b6b5300854f43	D_0__Bacteria;D_1__Proteobacteria;D_2__Alphaproteobacteria	0.9997587482991996
5d49b5702d12192e90dd2ff37c36644a	D_0__Bacteria;D_1__Firmicutes;D_2__Clostridia;D_3__Clostridiales;D_4__Lachnospiraceae;D_5__Lachnoclostridium	0.9949933701811554
5d8022ca50fdad0004d4ea71311aebe1	D_0__Bacteria;D_1__Firmicutes;D_2__Clostridia;D_3__Clostridiales;D_4__Lachnospiraceae;D_5__[Eubacterium] eligens group	0.9994404125357726
5e22ac39af6385a9a5d7a57992e0d8ba	D_0__Bacteria;D_1__Bacteroidetes;D_2__Bacteroidia;D_3__Bacteroidales;D_4__Rikenellaceae;D_5__Alistipes	0.9999208184184029
5e66f4697562aa64f842d406c92ed527	D_0__Bacteria;D_1__Firmicutes;D_2__Clostridia;D_3__Clostridiales;D_4__Lachnospiraceae;D_5__[Eubacterium] ventriosum group	0.9961452320494456
624bf43afb17a855a6d5c7b51078d497	D_0__Bacteria;D_1__Firmicutes;D_2__Clostridia;D_3__Clostridiales;D_4__Lachnospiraceae;D_5__[Ruminococcus] gnavus group	0.9964472907893746
628c56fc62dba8d05b01cb118cb2d25c	D_0__Bacteria;D_1__Proteobacteria;D_2__Gammaproteobacteria;D_3__Betaproteobacteriales;D_4__Burkholderiaceae;D_5__Sutterella	0.9992631176364608
636c6a97782b873f9092522e27a42737	D_0__Bacteria;D_1__Actinobacteria;D_2__Actinobacteria;D_3__Actinomycetales;D_4__Actinomycetaceae;D_5__Actinotignum;D_6__uncultured bacterium	0.9983780952346133
645db77d6647db7040fbbb1981e0eec6	D_0__Bacteria;D_1__Firmicutes;D_2__Clostridia;D_3__Clostridiales;D_4__Lachnospiraceae;D_5__Lachnoclostridium	0.9958413212154633
64c2b64c19934ba2360fe284744fd1ad	D_0__Bacteria;D_1__Firmicutes;D_2__Erysipelotrichia;D_3__Erysipelotrichales;D_4__Erysipelotrichaceae;D_5__Erysipelatoclostridium	0.9999522541263699
64d5af328ebe9b3aa5dc5fef7fd3ccec	D_0__Bacteria;D_1__Firmicutes;D_2__Clostridia;D_3__Clostridiales;D_4__Clostridiaceae 1;D_5__Clostridium sensu stricto 1	0.994513979278843
64e4b78413e7d4fa12839da38c0229c1	D_0__Bacteria;D_1__Firmicutes;D_2__Clostridia;D_3__Clostridiales;D_4__Ruminococcaceae;D_5__Fastidiosipila;D_6__Clostridiales bacterium oral clone MCE3_9	0.999939654983589
660a5448579f391d76aa3bfc0de7584a	D_0__Bacteria;D_1__Bacteroidetes;D_2__Bacteroidia;D_3__Bacteroidales;D_4__Bacteroidaceae;D_5__Bacteroides	0.9998031469454551
66834f6f51ff715fd50e6d2abb48220a	D_0__Bacteria;D_1__Firmicutes;D_2__Clostridia;D_3__Clostridiales;D_4__Lachnospiraceae;D_5__CAG-56;D_6__uncultured bacterium	0.7052222852846188
66fd45d9fb6ce2a3231dc0ac17851a3c	D_0__Bacteria;D_1__Actinobacteria;D_2__Actinobacteria;D_3__Propionibacteriales;D_4__Propionibacteriaceae;D_5__Cutibacterium	0.999123815518449
680954184588f515cdfafa96ee0bc465	D_0__Bacteria;D_1__Cyanobacteria;D_2__Oxyphotobacteria;D_3__Chloroplast	0.9999996230226035
68125101a0cb11e3324fde7378226ba1	D_0__Bacteria;D_1__Firmicutes;D_2__Clostridia;D_3__Clostridiales;D_4__Ruminococcaceae;D_5__Ruminococcaceae NK4A214 group;D_6__gut metagenome	0.9260530764492805
68a1c62a19d5dd68a1040859934424ab	D_0__Bacteria;D_1__Bacteroidetes;D_2__Bacteroidia;D_3__Bacteroidales;D_4__Prevotellaceae;D_5__Prevotella 9	0.9996036780853951
69e892163902c8285767f1dd6f7e84da	D_0__Bacteria;D_1__Firmicutes;D_2__Clostridia;D_3__Clostridiales;D_4__Christensenellaceae;D_5__Christensenellaceae R-7 group;D_6__uncultured marine bacterium	0.9994851792311678
6a0e38deffff44d43ee2bf5a0145baeb	D_0__Bacteria;D_1__Firmicutes;D_2__Clostridia;D_3__Clostridiales;D_4__Family XI;D_5__Anaerococcus	0.9999997477853998
6a28468088fb24fd94e8e29cafe0aaf4	D_0__Bacteria;D_1__Bacteroidetes;D_2__Bacteroidia;D_3__Bacteroidales;D_4__Bacteroidaceae;D_5__Bacteroides	0.9994769789228571
6b1758b335d61636a67c89f79815fcb6	D_0__Bacteria;D_1__Firmicutes;D_2__Clostridia;D_3__Clostridiales;D_4__Ruminococcaceae;D_5__[Eubacterium] coprostanoligenes group;D_6__Clostridiales bacterium 42_27	0.991803976055562
6b9446ef79d8f7321464a841100b2d8f	D_0__Bacteria;D_1__Firmicutes;D_2__Clostridia;D_3__Clostridiales;D_4__Lachnospiraceae;D_5__Anaerostipes	0.9998397955215764
6d57c13bbe5bd3b61cc94ebe3ded329e	D_0__Bacteria;D_1__Firmicutes;D_2__Clostridia;D_3__Clostridiales;D_4__Ruminococcaceae;D_5__Ruminiclostridium 6;D_6__gut metagenome	0.9051651493085235
6e4534288420b1dcd2ca24832be063a3	D_0__Bacteria;D_1__Proteobacteria;D_2__Gammaproteobacteria;D_3__Enterobacteriales;D_4__Enterobacteriaceae;D_5__Providencia	0.8228635336017883
6eda17a5672848ca6792095b7b8de494	D_0__Bacteria;D_1__Firmicutes;D_2__Clostridia;D_3__Clostridiales;D_4__Ruminococcaceae;D_5__Butyricicoccus;D_6__Butyricicoccus sp. K4410.MGS-46	0.7238929749316815
70ac971d9d8650d6d1b756a39b8709c8	D_0__Bacteria;D_1__Firmicutes;D_2__Clostridia;D_3__Clostridiales;D_4__Lachnospiraceae;D_5__Dorea	0.9854080972245244
718ff9f4ea78daeaa7fe07d6e68a9199	D_0__Bacteria;D_1__Firmicutes;D_2__Clostridia;D_3__Clostridiales;D_4__Ruminococcaceae;D_5__Ruminococcaceae UCG-005;D_6__uncultured organism	0.9548214771531404
7266df20068f15abb7445afa927d2aa7	D_0__Bacteria;D_1__Bacteroidetes;D_2__Bacteroidia;D_3__Bacteroidales;D_4__Bacteroidaceae;D_5__Bacteroides	0.9996460432441437
72739b885810bf7b06929590c4f9b218	D_0__Bacteria;D_1__Proteobacteria;D_2__Gammaproteobacteria;D_3__Pseudomonadales;D_4__Moraxellaceae;D_5__Acinetobacter	0.997158099687078
73e5b567bf8428743df8b7f78c8ec1b0	D_0__Bacteria;D_1__Firmicutes;D_2__Clostridia;D_3__Clostridiales;D_4__Ruminococcaceae;D_5__Ruminiclostridium 6	0.9999696520115952
741f41a5169d6b6795015e4fb9cbe0ca	D_0__Bacteria;D_1__Actinobacteria;D_2__Actinobacteria;D_3__Micrococcales;D_4__Micrococcaceae;D_5__Micrococcus	0.9808707147268779
7656e4dec8a55ba01e1056def8bab841	D_0__Archaea;D_1__Euryarchaeota;D_2__Methanobacteria;D_3__Methanobacteriales;D_4__Methanobacteriaceae;D_5__Methanobrevibacter	0.9992311898945504
7692a5ce9f1e8fc4d179319c8dc83dfa	D_0__Bacteria;D_1__Bacteroidetes;D_2__Bacteroidia;D_3__Bacteroidales;D_4__Porphyromonadaceae;D_5__Porphyromonas	0.9999561668954672
76ba6f758e68cfeca8bd11dddc9d4d59	D_0__Bacteria;D_1__Firmicutes;D_2__Bacilli;D_3__Bacillales;D_4__Bacillaceae;D_5__Oceanobacillus	0.9692422425726653
76bb18a57ec65fa1725b8f4ac1f9706b	D_0__Bacteria;D_1__Bacteroidetes;D_2__Bacteroidia;D_3__Bacteroidales;D_4__Bacteroidaceae;D_5__Bacteroides	0.9999807269723117
77784d38d121a97f3b628e0fc4b0716a	D_0__Bacteria;D_1__Firmicutes;D_2__Clostridia;D_3__Clostridiales;D_4__Lachnospiraceae;D_5__Lachnospiraceae UCG-001;D_6__Lachnospiraceae bacterium TF01-11	0.9904311514069709
77c171370b2dc8189116a842093514c2	D_0__Bacteria;D_1__Epsilonbacteraeota;D_2__Campylobacteria;D_3__Campylobacterales;D_4__Campylobacteraceae;D_5__Campylobacter	0.9998061755543954
792add25fd6668fad2a952ef3b123c8b	D_0__Bacteria;D_1__Firmicutes;D_2__Clostridia;D_3__Clostridiales;D_4__Ruminococcaceae;D_5__Ruminococcaceae UCG-005;D_6__uncultured organism	0.9621207214031455
7939657876c7074d6907f8e8549a4e31	D_0__Bacteria;D_1__Firmicutes;D_2__Clostridia;D_3__Clostridiales;D_4__Clostridiales vadinBB60 group;D_5__uncultured bacterium;D_6__uncultured bacterium	0.8299676495947332
793b25a95456e243a0be1d5dabb8b5b3	D_0__Bacteria;D_1__Bacteroidetes;D_2__Bacteroidia;D_3__Bacteroidales;D_4__Barnesiellaceae;D_5__Barnesiella	0.9999616471727883
79ab2ebaffca08f0b1683dbfdff05aad	D_0__Bacteria;D_1__Firmicutes;D_2__Clostridia;D_3__Clostridiales;D_4__Lachnospiraceae;D_5__[Ruminococcus] gauvreauii group	0.9823667370103378
79d837d6f7b381e0b10331de995bd919	D_0__Bacteria;D_1__Firmicutes;D_2__Clostridia;D_3__Clostridiales;D_4__Christensenellaceae	0.9999865239619758
7a05c4d52ca70b25ca2c4accacdf6ae4	D_0__Bacteria;D_1__Bacteroidetes;D_2__Bacteroidia;D_3__Bacteroidales;D_4__Prevotellaceae;D_5__Prevotella 9	0.999781302323284
7b73f487be48db4355bd16e9c7fcd104	D_0__Bacteria;D_1__Firmicutes;D_2__Clostridia;D_3__Clostridiales;D_4__Lachnospiraceae;D_5__[Ruminococcus] gauvreauii group	0.9835130264296049
7b7cb1eb5fa0e08992cd111b368e8eb9	D_0__Bacteria;D_1__Firmicutes;D_2__Clostridia;D_3__Clostridiales;D_4__Clostridiaceae 1;D_5__Clostridium sensu stricto 1;D_6__bacterium mpn-isolate group 26	0.789001261183055
7c70ceb50ef88938e35a5c27008d173f	D_0__Bacteria;D_1__Firmicutes;D_2__Bacilli;D_3__Bacillales;D_4__Planococcaceae	0.7366943714912269
7c86df2004051dd7dcbc48b4c81e8616	D_0__Bacteria;D_1__Firmicutes;D_2__Clostridia;D_3__Clostridiales;D_4__Lachnospiraceae;D_5__[Ruminococcus] torques group	0.9285396403321826
7c9d107e91d815d347bc278420773c54	D_0__Bacteria;D_1__Firmicutes;D_2__Clostridia;D_3__Clostridiales;D_4__Peptostreptococcaceae;D_5__Intestinibacter	0.8513311377588949
7d45b0c35e0ed1c3689f13594899203b	D_0__Bacteria;D_1__Bacteroidetes;D_2__Bacteroidia;D_3__Bacteroidales;D_4__Barnesiellaceae;D_5__Barnesiella	0.9999469823269443
7d9e920949ca709a771a1f2403329d02	D_0__Bacteria;D_1__Firmicutes;D_2__Clostridia;D_3__Clostridiales;D_4__Ruminococcaceae;D_5__Ruminococcaceae UCG-004;D_6__uncultured rumen bacterium	0.9045355825461768
7ecf8f4557049e5e374e80004fad78fd	D_0__Bacteria;D_1__Firmicutes;D_2__Clostridia;D_3__Clostridiales;D_4__Lachnospiraceae;D_5__[Eubacterium] hallii group	0.9998988288318389
7ef15f834ddeffade9a799c5697cc61a	D_0__Bacteria;D_1__Firmicutes;D_2__Clostridia;D_3__Clostridiales;D_4__Ruminococcaceae;D_5__Flavonifractor	0.9960389164518708
7f354c00141a483460bb5bdbb4e0848e	D_0__Bacteria;D_1__Firmicutes;D_2__Bacilli;D_3__Bacillales;D_4__Planococcaceae;D_5__Lysinibacillus	0.7011769276693738
7f7ad2aa1b8e47800d098beabb1ab112	D_0__Bacteria;D_1__Firmicutes;D_2__Clostridia;D_3__Clostridiales;D_4__Ruminococcaceae;D_5__Faecalibacterium	0.9969702615336127
7f7b07bcfd5c9196404ed02ef07ada57	D_0__Bacteria;D_1__Firmicutes;D_2__Clostridia;D_3__Clostridiales;D_4__Ruminococcaceae;D_5__Butyricicoccus	0.9998765526187035
806a3798a31524c3ad2aef1d13a2f216	D_0__Bacteria;D_1__Firmicutes;D_2__Clostridia;D_3__Clostridiales;D_4__Ruminococcaceae;D_5__Ruminococcaceae UCG-014	0.99963403910185
8096776c6990070bf8fc51ef512c8063	D_0__Bacteria;D_1__Firmicutes;D_2__Clostridia;D_3__Clostridiales;D_4__Ruminococcaceae;D_5__Ruminococcaceae UCG-014	0.9998850874928442
80d1d3b519bbc9073701eba724bade88	D_0__Bacteria;D_1__Bacteroidetes;D_2__Bacteroidia;D_3__Bacteroidales;D_4__Bacteroidaceae;D_5__Bacteroides	0.9999487253556929
812ceb1d877c654bf7954e0b57137e67	D_0__Bacteria;D_1__Firmicutes;D_2__Bacilli;D_3__Bacillales;D_4__Bacillaceae	0.726203406159112
81385e24d65c747bdca18aee4e801b51	D_0__Bacteria;D_1__Firmicutes;D_2__Clostridia;D_3__Clostridiales;D_4__Christensenellaceae;D_5__Christensenellaceae R-7 group	0.9155068147217611
81dad59199e83e6ef05fd840160b1300	D_0__Bacteria;D_1__Proteobacteria;D_2__Gammaproteobacteria;D_3__Acidithiobacillales;D_4__Acidithiobacillaceae;D_5__KCM-B-112;D_6__uncultured bacterium	0.8360047370627861
824ecebeb43c725d47bbbcd1bd7d0348	D_0__Bacteria;D_1__Firmicutes;D_2__Clostridia;D_3__Clostridiales;D_4__Peptostreptococcaceae;D_5__Terrisporobacter	0.9762317224004289
8359450ba65b646de08903c1a5bf6fcc	D_0__Bacteria;D_1__Firmicutes;D_2__Clostridia;D_3__Clostridiales;D_4__Ruminococcaceae;D_5__Ruminococcus 1	0.9997514470699619
86ab28ee10e96bdadede132362882f90	D_0__Bacteria;D_1__Proteobacteria;D_2__Gammaproteobacteria;D_3__Aeromonadales;D_4__Aeromonadaceae;D_5__Aeromonas	0.9730503491838891
86ec537716ccea996d29a025dbd0e0da	D_0__Bacteria;D_1__Firmicutes;D_2__Clostridia;D_3__Clostridiales;D_4__Ruminococcaceae;D_5__Ruminococcaceae UCG-014	0.9999725945980366
8701bea1e2e80de700c6f7848103f86d	D_0__Bacteria;D_1__Firmicutes;D_2__Clostridia;D_3__Clostridiales;D_4__Christensenellaceae;D_5__Christensenellaceae R-7 group;D_6__uncultured prokaryote	0.9034692396720763
87c8b3d6807db0281cfbc6f105cae5be	D_0__Bacteria;D_1__Firmicutes;D_2__Clostridia;D_3__Clostridiales;D_4__Ruminococcaceae;D_5__Faecalibacterium	0.9957122233119217
8921861e455889b42cb5a0472820d672	D_0__Bacteria;D_1__Firmicutes;D_2__Clostridia;D_3__Clostridiales;D_4__Ruminococcaceae;D_5__[Eubacterium] coprostanoligenes group	0.999043322606338
896666ba93bd287f9590a81b73a0b251	D_0__Bacteria;D_1__Firmicutes;D_2__Clostridia;D_3__Clostridiales;D_4__Lachnospiraceae;D_5__Roseburia;D_6__uncultured Roseburia sp.	0.8410838242159532
899577a10741d336f48d2be23f9b0be7	D_0__Bacteria;D_1__Bacteroidetes;D_2__Bacteroidia;D_3__Bacteroidales;D_4__Porphyromonadaceae;D_5__Porphyromonas	0.9999988674089112
89a195406eb6143d74832533a777e891	D_0__Bacteria;D_1__Firmicutes;D_2__Clostridia;D_3__Clostridiales;D_4__Ruminococcaceae;D_5__Ruminiclostridium 5;D_6__gut metagenome	0.9875594017225275
8a303db3d6b466981499de25a5ec66d4	D_0__Bacteria;D_1__Firmicutes;D_2__Clostridia;D_3__Clostridiales;D_4__Family XIII;D_5__Family XIII UCG-001;D_6__uncultured bacterium	0.8251877969812483
8a6c27e7d663111088d829791a75d2fb	D_0__Bacteria;D_1__Bacteroidetes;D_2__Bacteroidia;D_3__Flavobacteriales;D_4__Weeksellaceae;D_5__Empedobacter	0.9988927458132111
8a7f474dbea3e9455065dad36b354f73	D_0__Bacteria;D_1__Proteobacteria;D_2__Gammaproteobacteria;D_3__Enterobacteriales;D_4__Enterobacteriaceae;D_5__Serratia	0.7291028761433717
8a8d6de89853b245e4bc453245789527	D_0__Bacteria;D_1__Firmicutes;D_2__Clostridia;D_3__Clostridiales;D_4__Lachnospiraceae;D_5__Tyzzerella 3;D_6__unidentified	0.9413130356892652
8ad93a128699973f05e2112e3191ffe7	D_0__Bacteria;D_1__Firmicutes;D_2__Clostridia;D_3__Clostridiales;D_4__Ruminococcaceae;D_5__Faecalibacterium	0.7730954847845801
8d59ed132fe0cbb1617257c3d66e3a77	D_0__Bacteria;D_1__Firmicutes;D_2__Clostridia;D_3__Clostridiales;D_4__Ruminococcaceae;D_5__Ruminococcaceae UCG-005;D_6__uncultured bacterium adhufec311	0.9307969216720956
8df31a1ee3aeedac02f4eabc11914019	D_0__Bacteria;D_1__Firmicutes;D_2__Bacilli;D_3__Lactobacillales;D_4__Enterococcaceae;D_5__Enterococcus	0.9280868899730917
8dfe815b0a4a5fd7186af940057418ef	D_0__Bacteria;D_1__Firmicutes;D_2__Clostridia;D_3__Clostridiales;D_4__Ruminococcaceae;D_5__Ruminococcaceae UCG-013	0.9999356590395577
8e59fef32389c25429e174894ad69fff	D_0__Bacteria;D_1__Verrucomicrobia;D_2__Verrucomicrobiae;D_3__Verrucomicrobiales;D_4__Akkermansiaceae;D_5__Akkermansia;D_6__uncultured bacterium	0.719994301397941
8f362a87fb8367b02e2c982b8c5e3702	D_0__Bacteria;D_1__Proteobacteria;D_2__Alphaproteobacteria;D_3__Rhizobiales;D_4__Beijerinckiaceae;D_5__Methylobacterium	0.9999647185013026
8f5c26c15ec7240ad99d66469bcb58bb	D_0__Bacteria;D_1__Firmicutes;D_2__Clostridia;D_3__Clostridiales;D_4__Ruminococcaceae;D_5__Ruminococcaceae UCG-013;D_6__gut metagenome	0.978493890605661
900bca7fdfd6334ecb71c7d66951a14f	D_0__Bacteria;D_1__Firmicutes;D_2__Clostridia;D_3__Clostridiales;D_4__Ruminococcaceae;D_5__Ruminococcaceae UCG-013	0.9999881662414166
909e232a83ace93f6ef4beec58153695	D_0__Bacteria;D_1__Proteobacteria;D_2__Gammaproteobacteria;D_3__Enterobacteriales;D_4__Enterobacteriaceae;D_5__Escherichia-Shigella	0.9528649909357074
90fed3fc69aa1fcb9403644eb985a81e	D_0__Bacteria;D_1__Firmicutes;D_2__Clostridia;D_3__Clostridiales;D_4__Peptococcaceae;D_5__uncultured	0.8636800022035906
9132071c6a76ae971f847adc316f0af8	D_0__Bacteria;D_1__Proteobacteria;D_2__Gammaproteobacteria;D_3__Enterobacteriales;D_4__Enterobacteriaceae;D_5__Escherichia-Shigella	0.966391547664748
918e03005aca8f839867d038f78a0dc5	D_0__Bacteria;D_1__Firmicutes;D_2__Clostridia;D_3__Clostridiales;D_4__Ruminococcaceae	0.9991559404693858
91a87325405bbe801e6b80e84794a59c	D_0__Bacteria;D_1__Firmicutes;D_2__Clostridia;D_3__Clostridiales;D_4__Lachnospiraceae;D_5__[Eubacterium] ventriosum group;D_6__human gut metagenome	0.713038302109305
932d0c1f666b3a433687e95af993451a	D_0__Bacteria;D_1__Firmicutes;D_2__Clostridia;D_3__Clostridiales;D_4__Ruminococcaceae;D_5__Ruminococcaceae UCG-004;D_6__uncultured bacterium	0.9960239920707059
934803a77ecd1236a4aeb148a1133fb2	D_0__Bacteria;D_1__Bacteroidetes;D_2__Bacteroidia;D_3__Bacteroidales;D_4__Prevotellaceae;D_5__Prevotella 9	0.9980690432152922
93bbee1f6e9b9fe6dbee9676a8fb28d3	D_0__Bacteria;D_1__Firmicutes;D_2__Clostridia;D_3__Clostridiales;D_4__Ruminococcaceae;D_5__CAG-352	0.9993075888282895
9590bc1ba5dc519af96df054d8117444	D_0__Bacteria;D_1__Firmicutes;D_2__Clostridia;D_3__Clostridiales;D_4__Ruminococcaceae;D_5__Ruminococcus 1;D_6__human gut metagenome	0.7346573817106586
973fc25b140faf326d124b9e2b6c8abf	D_0__Bacteria;D_1__Firmicutes;D_2__Clostridia;D_3__Clostridiales;D_4__Ruminococcaceae;D_5__Phocea;D_6__uncultured bacterium	0.7149830200807643
9740e9fdbe4bab112595fa6c506ad992	D_0__Bacteria;D_1__Tenericutes;D_2__Mollicutes;D_3__Mollicutes RF39;D_4__gut metagenome;D_5__gut metagenome;D_6__gut metagenome	0.8651669438795733
97a30f3584beb50af871dc7a0c37cc5c	D_0__Bacteria;D_1__Bacteroidetes;D_2__Bacteroidia;D_3__Bacteroidales;D_4__Rikenellaceae;D_5__Alistipes;D_6__Faecalibacterium prausnitzii	0.9949726049868531
98a0129084b27bd077b065fdd656d328	D_0__Bacteria;D_1__Firmicutes;D_2__Bacilli;D_3__Bacillales;D_4__Bacillaceae;D_5__Bacillus	0.7913723182014358
98e517050a334923d55de305627d73ed	D_0__Bacteria;D_1__Firmicutes;D_2__Clostridia;D_3__Clostridiales;D_4__Ruminococcaceae;D_5__Ruminiclostridium 5;D_6__Neglecta timonensis	0.9186895499788924
98eb701f5f4286f77b9e839055caf304	D_0__Bacteria;D_1__Firmicutes;D_2__Clostridia;D_3__Clostridiales;D_4__Ruminococcaceae;D_5__Ruminococcaceae UCG-003	0.9984559320777706
99d3a570385395e7b7bbc7730e1e2241	D_0__Bacteria;D_1__Firmicutes;D_2__Clostridia;D_3__Clostridiales;D_4__Lachnospiraceae;D_5__Lachnospira	0.9946439866857996
9a5ad3e5c9abb12041ebce1cf20b2b3c	D_0__Bacteria;D_1__Firmicutes;D_2__Clostridia;D_3__Clostridiales;D_4__Ruminococcaceae;D_5__Faecalibacterium	0.9951095819311198
9a632368713f55e2d25c57d46d4a9321	D_0__Bacteria;D_1__Firmicutes;D_2__Clostridia;D_3__Clostridiales;D_4__Ruminococcaceae;D_5__Ruminococcaceae UCG-005;D_6__uncultured bacterium adhufec108	0.819629274914344
9af37219a9e5de473e166d02641af08b	D_0__Bacteria;D_1__Firmicutes;D_2__Clostridia;D_3__Clostridiales;D_4__Ruminococcaceae;D_5__Ruminiclostridium 6	0.9999228042051783
9b1707dc1741c29f15e3a93bcee9d61e	D_0__Bacteria;D_1__Firmicutes;D_2__Clostridia;D_3__Clostridiales;D_4__Family XI;D_5__Peptoniphilus;D_6__Clostridiales bacterium KA00134	0.9997396977679807
9b1c6c029a64fc966d6dfcf4db60a6ed	D_0__Bacteria;D_1__Firmicutes;D_2__Clostridia;D_3__Clostridiales	0.8618165132384357
9b38f0b35a3369d836d120ed7b5b3804	D_0__Bacteria;D_1__Firmicutes;D_2__Clostridia;D_3__Clostridiales;D_4__Ruminococcaceae;D_5__[Eubacterium] coprostanoligenes group	0.9996363941578722
9b9568f1a9abe8041705b379aa78e6ee	D_0__Bacteria;D_1__Bacteroidetes;D_2__Bacteroidia;D_3__Bacteroidales;D_4__Bacteroidaceae;D_5__Bacteroides	0.9999879388544849
9db98a36c908f12620a2dc32f71067e7	D_0__Bacteria;D_1__Firmicutes;D_2__Clostridia;D_3__Clostridiales;D_4__Ruminococcaceae	0.9589313820198273
9e0822f6cca53567ecb7743194c600f9	D_0__Bacteria;D_1__Bacteroidetes;D_2__Bacteroidia;D_3__Bacteroidales;D_4__Bacteroidaceae;D_5__Bacteroides	0.9999629188489401
9e40dfece6f045abf2cb6c11008399f3	D_0__Bacteria;D_1__Firmicutes;D_2__Bacilli;D_3__Bacillales;D_4__Bacillaceae;D_5__Oceanobacillus;D_6__Oceanobacillus halophilus	0.7248100956259446
9ee1405c38887cf7a0fc09323e7354a4	D_0__Bacteria;D_1__Firmicutes;D_2__Clostridia;D_3__Clostridiales;D_4__Ruminococcaceae;D_5__Ruminococcaceae UCG-005;D_6__uncultured bacterium adhufec108	0.8214381200438038
9ef948eb3a45bb387b6ffebc73a1e40d	D_0__Bacteria;D_1__Proteobacteria;D_2__Gammaproteobacteria;D_3__Enterobacteriales;D_4__Enterobacteriaceae;D_5__Hafnia-Obesumbacterium	0.840170400355645
9f2f6d9fc27c09ad9675f8b3c56f7d1e	D_0__Bacteria;D_1__Proteobacteria;D_2__Gammaproteobacteria;D_3__Pseudomonadales;D_4__Pseudomonadaceae;D_5__Pseudomonas	0.9999015798774787
9fbf7d3ec3aa666dfe65b76bffff63fd	D_0__Bacteria;D_1__Bacteroidetes;D_2__Bacteroidia;D_3__Bacteroidales;D_4__Tannerellaceae;D_5__Parabacteroides	0.9985453161592432
a0ee6a3ee7652b169be49795a7813d2b	D_0__Bacteria;D_1__Bacteroidetes;D_2__Bacteroidia;D_3__Bacteroidales;D_4__Bacteroidaceae;D_5__Bacteroides	0.9999969866438096
a1ac30c992acfcb2b04e6d49cd713702	D_0__Bacteria;D_1__Tenericutes;D_2__Mollicutes;D_3__Izimaplasmatales;D_4__uncultured organism;D_5__uncultured organism;D_6__uncultured organism	0.9990838109193866
a2149ca6e80cc8bb6b1abda0cce4631a	D_0__Bacteria;D_1__Firmicutes;D_2__Clostridia;D_3__Clostridiales;D_4__Lachnospiraceae;D_5__Blautia	0.9853259848183894
a2f1e91bbb1ff18cebdb69f590a3f775	D_0__Bacteria;D_1__Firmicutes;D_2__Clostridia;D_3__Clostridiales;D_4__Christensenellaceae;D_5__Christensenellaceae R-7 group	0.9325145552458977
a313d1374ec6a076828e4499152e60e4	D_0__Bacteria;D_1__Firmicutes;D_2__Clostridia;D_3__Clostridiales;D_4__Lachnospiraceae	0.9934546134160497
a3436e77c40ea30e45950c52cf2020ef	D_0__Bacteria;D_1__Firmicutes;D_2__Clostridia;D_3__Clostridiales;D_4__Ruminococcaceae;D_5__Ruminococcaceae UCG-005;D_6__human gut metagenome	0.8545984009501387
a3618e8a69964558653b32f21cfc09c4	D_0__Bacteria;D_1__Bacteroidetes;D_2__Bacteroidia;D_3__Bacteroidales;D_4__Rikenellaceae;D_5__Alistipes;D_6__Alistipes indistinctus YIT 12060	0.7925835635606084
a3dad1b2fee1df59060e7347295b50cf	D_0__Bacteria;D_1__Firmicutes;D_2__Clostridia;D_3__Clostridiales;D_4__Ruminococcaceae;D_5__Ruminococcus 1	0.9993443905861643
a44c45ff9fc6747d407f449545a9b4c2	D_0__Bacteria;D_1__Firmicutes;D_2__Bacilli;D_3__Bacillales;D_4__Bacillaceae;D_5__Bacillus	0.9955425367643309
a4dfacdbc8b5e88e4d62a9319e56aaeb	D_0__Bacteria;D_1__Firmicutes;D_2__Bacilli;D_3__Lactobacillales;D_4__Lactobacillaceae;D_5__Lactobacillus	0.9993165605012255
a5d7dbbffd219eb53d7e8b85a2dafddc	D_0__Bacteria;D_1__Bacteroidetes;D_2__Bacteroidia;D_3__Bacteroidales;D_4__Bacteroidaceae;D_5__Bacteroides	0.9999647287423233
a5f1b505ff3faad7ed556b26524af67e	D_0__Bacteria;D_1__Firmicutes;D_2__Clostridia;D_3__Clostridiales;D_4__Lachnospiraceae;D_5__Lachnospiraceae NK4A136 group	0.8676008259268313
a610d8a5bfee093774395156f5a73aa2	D_0__Bacteria;D_1__Firmicutes;D_2__Negativicutes;D_3__Selenomonadales;D_4__Acidaminococcaceae;D_5__Phascolarctobacterium;D_6__Ruminococcus sp. N15.MGS-57	0.7144597159133073
a63c0e6972a5ddbf7bf686248a78b84b	D_0__Bacteria;D_1__Bacteroidetes;D_2__Bacteroidia;D_3__Bacteroidales	0.9106106863127843
a63cb2ef0d2fca223ddf07e07d7abedd	D_0__Bacteria;D_1__Firmicutes;D_2__Clostridia;D_3__Clostridiales;D_4__Lachnospiraceae	0.9999233012826815
a649c3e97a84b8690e6dbdddb274f0e0	D_0__Bacteria;D_1__Bacteroidetes;D_2__Bacteroidia;D_3__Bacteroidales;D_4__Bacteroidaceae;D_5__Bacteroides	0.999977119602813
a7e85c6aac48df33665b07f5620aeef2	D_0__Bacteria;D_1__Firmicutes;D_2__Erysipelotrichia;D_3__Erysipelotrichales;D_4__Erysipelotrichaceae;D_5__Turicibacter	0.9928082592867973
a80bf7b1576855543aaeed1c9d8be02d	D_0__Bacteria;D_1__Firmicutes;D_2__Clostridia;D_3__Clostridiales;D_4__Lachnospiraceae;D_5__Tyzzerella	0.991194570257997
a9d2161133afcc8bd34fc1b454382b75	D_0__Bacteria;D_1__Firmicutes;D_2__Clostridia;D_3__Clostridiales;D_4__Lachnospiraceae;D_5__[Eubacterium] xylanophilum group	0.7458320586777695
aa41786357ff56660defe4a08906d1c3	D_0__Bacteria;D_1__Firmicutes;D_2__Negativicutes;D_3__Selenomonadales;D_4__Veillonellaceae;D_5__Veillonella	0.9999315888066421
aa5c737bcd7ea8835894fc0c30b8f5b7	D_0__Bacteria;D_1__Bacteroidetes;D_2__Bacteroidia;D_3__Bacteroidales;D_4__Bacteroidaceae;D_5__Bacteroides	0.9996558084229312
ab78bf0640561bc441d496ad29889d8a	D_0__Bacteria;D_1__Bacteroidetes;D_2__Bacteroidia;D_3__Bacteroidales;D_4__Bacteroidaceae;D_5__Bacteroides	0.9999971225507929
abf0756ff72c2c4ea30e4132a1cf0dfd	D_0__Bacteria;D_1__Firmicutes;D_2__Clostridia;D_3__Clostridiales;D_4__Lachnospiraceae;D_5__Epulopiscium	0.9998479391591751
ac8abf51275747748fb5a6b54c39e31f	D_0__Bacteria;D_1__Firmicutes;D_2__Clostridia;D_3__Clostridiales;D_4__Family XI;D_5__Murdochiella;D_6__Murdochiella massiliensis	0.9751781224278362
ad7ebc221fa3fff5e7e7ec45b8de753b	D_0__Bacteria;D_1__Tenericutes;D_2__Mollicutes;D_3__Mollicutes RF39	0.9158287696172739
ad937d928426d3f5705b0ca81e4baa20	D_0__Bacteria;D_1__Firmicutes;D_2__Clostridia;D_3__Clostridiales;D_4__Lachnospiraceae	0.9994885592986459
ad9eb19e8c285dfa610dc542d2ace2a0	D_0__Bacteria;D_1__Firmicutes;D_2__Clostridia;D_3__Clostridiales;D_4__Lachnospiraceae;D_5__Coprococcus 2	0.9993613426364032
ada5da0dc117117f5e460a9fb93726f4	D_0__Bacteria;D_1__Bacteroidetes;D_2__Bacteroidia;D_3__Bacteroidales;D_4__Prevotellaceae;D_5__Prevotella 7;D_6__Massiliprevotella massiliensis	0.8120893010003611
ae40ef2417cc8203992bf2d35d5f0c61	D_0__Bacteria;D_1__Firmicutes;D_2__Clostridia;D_3__Clostridiales;D_4__Ruminococcaceae;D_5__Ruminococcaceae UCG-014	0.9994834457343111
af616ab73ef30c86fbbd3d9f1c0e86ec	D_0__Bacteria;D_1__Firmicutes;D_2__Clostridia;D_3__Clostridiales;D_4__Lachnospiraceae;D_5__Lachnoclostridium;D_6__human gut metagenome	0.7088526008833057
afcf1a591d33e05d07e6e14b15a80814	D_0__Bacteria;D_1__Firmicutes;D_2__Clostridia;D_3__Clostridiales	0.9585438123001976
afd904764927d913a0f6a0be03a0936d	D_0__Bacteria;D_1__Firmicutes;D_2__Clostridia;D_3__Clostridiales;D_4__Ruminococcaceae;D_5__Ruminococcaceae UCG-014	0.9995459662412246
b0c0f5b436949fd52f83e14b140ee064	D_0__Bacteria;D_1__Firmicutes;D_2__Clostridia;D_3__Clostridiales;D_4__Lachnospiraceae;D_5__Lachnoclostridium	0.9884169776101073
b1312478658160c25c92a75d5272c96d	D_0__Bacteria;D_1__Actinobacteria;D_2__Actinobacteria;D_3__Bifidobacteriales;D_4__Bifidobacteriaceae;D_5__Bifidobacterium	0.999993045969991
b25515aa021878dc9df04b629e2fe071	D_0__Bacteria;D_1__Proteobacteria;D_2__Gammaproteobacteria;D_3__Enterobacteriales;D_4__Enterobacteriaceae;D_5__Morganella	0.9516840779377591
b27049b35bbb279f683ee183ad0e3243	D_0__Bacteria;D_1__Proteobacteria;D_2__Gammaproteobacteria;D_3__Enterobacteriales;D_4__Enterobacteriaceae	0.9967957777877837
b3879d9217bbd709b5f87450728b376c	D_0__Bacteria;D_1__Firmicutes;D_2__Clostridia;D_3__Clostridiales;D_4__Clostridiaceae 1;D_5__Clostridium sensu stricto 1	0.9964326343087037
b453b56a3e2a5effb5b6f81a580163b2	D_0__Bacteria;D_1__Firmicutes;D_2__Clostridia;D_3__Clostridiales;D_4__Ruminococcaceae;D_5__Subdoligranulum	0.9949008131409618
b555b5dfa13c23251dab8ad5c647653a	D_0__Bacteria;D_1__Bacteroidetes;D_2__Bacteroidia;D_3__Bacteroidales;D_4__Bacteroidaceae;D_5__Bacteroides	0.9995087345573176
b606c96aedd0a6e01aa38924a1e6ac97	D_0__Bacteria;D_1__Firmicutes;D_2__Clostridia;D_3__Clostridiales;D_4__Lachnospiraceae;D_5__[Eubacterium] ruminantium group	0.9970997402732962
b6f7e97e1453cd60b48624f824f44a1a	D_0__Bacteria;D_1__Proteobacteria;D_2__Alphaproteobacteria;D_3__Rhodospirillales;D_4__uncultured;D_5__gut metagenome;D_6__gut metagenome	0.988388631659425
b722821a74b7ae304790b719035e5f83	D_0__Bacteria;D_1__Firmicutes;D_2__Clostridia;D_3__Clostridiales;D_4__Ruminococcaceae;D_5__Ruminococcaceae UCG-014	0.9998735188213806
b8013cd6f268a2dba8f7ac869b9e8d7d	D_0__Bacteria;D_1__Actinobacteria;D_2__Actinobacteria;D_3__Bifidobacteriales;D_4__Bifidobacteriaceae;D_5__Bifidobacterium	0.9999258885843703
b81827160668cff05cf229375c34b2ed	D_0__Bacteria;D_1__Firmicutes;D_2__Clostridia;D_3__Clostridiales;D_4__Ruminococcaceae;D_5__Ruminococcaceae UCG-010	0.9960310194085906
b82bf9eb93e76540d704baacc9566254	D_0__Bacteria;D_1__Bacteroidetes;D_2__Bacteroidia;D_3__Flavobacteriales;D_4__Flavobacteriaceae;D_5__Flavobacterium	0.9999609711781036
b855c930a4e6e464357468b0d4fc742d	D_0__Bacteria;D_1__Actinobacteria;D_2__Coriobacteriia;D_3__Coriobacteriales;D_4__uncultured;D_5__uncultured bacterium;D_6__uncultured bacterium	0.9889727193577467
b9abed8a2eca761efe3e1e92673141cf	D_0__Bacteria;D_1__Firmicutes;D_2__Clostridia;D_3__Clostridiales;D_4__Ruminococcaceae;D_5__Intestinimonas;D_6__Intestinimonas butyriciproducens	0.9386152709453087
b9b0d7b986543d8b714fe8b27872d09f	D_0__Bacteria;D_1__Firmicutes;D_2__Clostridia;D_3__Clostridiales;D_4__Ruminococcaceae;D_5__[Eubacterium] coprostanoligenes group;D_6__uncultured organism	0.7841378238370004
ba6003b9428a805fd8f2b07a9a399bed	D_0__Bacteria;D_1__Firmicutes;D_2__Clostridia;D_3__Clostridiales;D_4__Lachnospiraceae;D_5__Lachnoclostridium	0.748526261386363
baaec6368fecd3a95a71e4245273807f	D_0__Bacteria;D_1__Firmicutes;D_2__Clostridia;D_3__Clostridiales;D_4__Ruminococcaceae;D_5__Ruminococcus 1	0.9995615807727695
bf760a65f1cf6b6157cd0975e40a43bd	D_0__Bacteria;D_1__Firmicutes;D_2__Clostridia;D_3__Clostridiales;D_4__Clostridiales vadinBB60 group;D_5__gut metagenome;D_6__gut metagenome	0.9995779747124419
bfa34beed32ba71739902beda134f453	D_0__Bacteria;D_1__Firmicutes;D_2__Erysipelotrichia;D_3__Erysipelotrichales;D_4__Erysipelotrichaceae;D_5__Coprobacillus	0.9415129205468575
c073917b4d37d0b4f65cf4fb1b43619e	D_0__Bacteria;D_1__Bacteroidetes;D_2__Bacteroidia;D_3__Bacteroidales;D_4__Bacteroidaceae;D_5__Bacteroides	0.9997941869776638
c09a5f36d48f4fb6df4bea26eb9b99be	D_0__Bacteria;D_1__Bacteroidetes;D_2__Bacteroidia;D_3__Bacteroidales;D_4__Rikenellaceae;D_5__Alistipes;D_6__Alistipes obesi	0.9993139545007492
c12fd39e2a216175302cd15f04b27060	D_0__Bacteria;D_1__Firmicutes;D_2__Clostridia;D_3__Clostridiales;D_4__Lachnospiraceae;D_5__Dorea	0.9933895635489707
c18bda6d32c81a9bab839ef0ea647442	D_0__Bacteria;D_1__Firmicutes;D_2__Clostridia;D_3__Clostridiales;D_4__Ruminococcaceae;D_5__[Eubacterium] coprostanoligenes group;D_6__unidentified	0.966631495748283
c1ce904c4d66232553c8180c3b1c29cc	D_0__Bacteria;D_1__Firmicutes;D_2__Clostridia;D_3__Clostridiales	0.8715998865376441
c1e6fb364922234373600c8a694e4c10	D_0__Bacteria;D_1__Firmicutes;D_2__Clostridia;D_3__Clostridiales;D_4__Lachnospiraceae;D_5__Roseburia;D_6__gut metagenome	0.9885656590107689
c39e6a7095cf3a515a31277fe7a74a35	D_0__Bacteria;D_1__Bacteroidetes;D_2__Bacteroidia;D_3__Bacteroidales;D_4__Marinifilaceae;D_5__Butyricimonas	0.9881695624243049
c4930f1901777d22e03f42d1bd79edcd	D_0__Bacteria;D_1__Verrucomicrobia;D_2__Verrucomicrobiae;D_3__Verrucomicrobiales;D_4__Akkermansiaceae;D_5__Akkermansia;D_6__gut metagenome	0.7810535836551383
c49bc9c1c22dd48888d2e1e060306218	D_0__Bacteria;D_1__Fusobacteria;D_2__Fusobacteriia;D_3__Fusobacteriales;D_4__Fusobacteriaceae;D_5__Fusobacterium	0.9975093066688727
c4e411a2ea4a037d23e3191e345babcd	D_0__Bacteria;D_1__Firmicutes;D_2__Clostridia;D_3__Clostridiales;D_4__Lachnospiraceae;D_5__Lachnospiraceae NK4A136 group	0.7004025290470429
c534f6f611f7464028b46ff36b5350d9	D_0__Bacteria;D_1__Firmicutes;D_2__Clostridia;D_3__Clostridiales;D_4__Christensenellaceae;D_5__Christensenellaceae R-7 group;D_6__gut metagenome	0.8637313239252595
c55b92e9a603e08aa7242159399326c8	D_0__Bacteria;D_1__Firmicutes;D_2__Clostridia;D_3__Clostridiales;D_4__Family XI;D_5__Peptoniphilus	0.9999967663189562
c5f3f2c2df993aa6d42e7a77918935df	D_0__Bacteria;D_1__Firmicutes;D_2__Erysipelotrichia;D_3__Erysipelotrichales;D_4__Erysipelotrichaceae;D_5__Erysipelotrichaceae UCG-003	0.9999528215882036
c61c8669166b84e054d28b94e274a64f	D_0__Bacteria;D_1__Firmicutes;D_2__Clostridia;D_3__Clostridiales;D_4__Ruminococcaceae;D_5__Ruminococcaceae UCG-014	0.9999846468866331
c633de74634c7b662dd1b172261d73fb	D_0__Bacteria;D_1__Firmicutes;D_2__Clostridia;D_3__Clostridiales;D_4__Lachnospiraceae;D_5__[Ruminococcus] torques group	0.9914187090633199
c640a3c8b4f56cdd9e570e248eb056c4	D_0__Bacteria;D_1__Firmicutes;D_2__Bacilli;D_3__Lactobacillales;D_4__Lactobacillaceae;D_5__Lactobacillus	0.9987948808771803
c6679457e095eca31512990da162bf6e	D_0__Bacteria;D_1__Firmicutes;D_2__Clostridia;D_3__Clostridiales;D_4__Ruminococcaceae;D_5__Oscillibacter	0.8386348020082912
c694f4f20f587aea22074db2aba251bd	D_0__Bacteria;D_1__Firmicutes;D_2__Clostridia;D_3__Clostridiales;D_4__Family XI;D_5__Anaerococcus	0.9999991909080906
c89ff54e8ad19df08f5d057caed96462	D_0__Bacteria;D_1__Proteobacteria;D_2__Gammaproteobacteria;D_3__Enterobacteriales;D_4__Enterobacteriaceae;D_5__Serratia	0.8547723498636025
c91f61773a85a5101c797a8429bcb87e	D_0__Bacteria;D_1__Firmicutes;D_2__Clostridia;D_3__Clostridiales;D_4__Family XIII;D_5__Family XIII AD3011 group	0.7238739442697915
c945f996e17eaa20a49f7f32080522a2	D_0__Bacteria;D_1__Proteobacteria;D_2__Gammaproteobacteria;D_3__Betaproteobacteriales;D_4__Burkholderiaceae;D_5__Parasutterella	0.9823848712475911
c991ea6f3e397244886d943e7ffc9569	D_0__Bacteria;D_1__Bacteroidetes;D_2__Bacteroidia;D_3__Bacteroidales;D_4__Rikenellaceae;D_5__Alistipes;D_6__Alistipes finegoldii	0.7627031957457032
c9e25d9130359869db0c8fca59bdb623	D_0__Bacteria;D_1__Bacteroidetes;D_2__Bacteroidia;D_3__Bacteroidales;D_4__Barnesiellaceae;D_5__Coprobacter	0.9999969310339858
c9f740e73e66d9d448b62883bfcb2299	D_0__Bacteria;D_1__Firmicutes;D_2__Erysipelotrichia;D_3__Erysipelotrichales;D_4__Erysipelotrichaceae;D_5__[Clostridium] innocuum group	0.9999469834575272
ca247cdbef4269776901086e8acf48b1	D_0__Bacteria;D_1__Proteobacteria;D_2__Alphaproteobacteria;D_3__Rhizobiales;D_4__Rhizobiaceae;D_5__Ochrobactrum	0.837646906803048
ca644694c64286eaeb2ffce83398ff50	D_0__Bacteria;D_1__Firmicutes;D_2__Bacilli;D_3__Bacillales;D_4__Paenibacillaceae;D_5__Paenibacillus	0.9998810067400768
cb496efaf130bb30fdf9d58d6cc54d85	D_0__Bacteria;D_1__Firmicutes;D_2__Clostridia;D_3__Clostridiales;D_4__Family XIII;D_5__Family XIII AD3011 group;D_6__uncultured organism	0.9776544267597556
cbc4d4e57969734cd475cc6254ae80d9	D_0__Bacteria;D_1__Firmicutes;D_2__Clostridia;D_3__Clostridiales;D_4__Lachnospiraceae;D_5__[Eubacterium] ventriosum group	0.9943923199750787
cbdbaa9d975fdd841e27abdd5a2fcd5c	D_0__Bacteria;D_1__Bacteroidetes;D_2__Bacteroidia;D_3__Bacteroidales;D_4__Bacteroidaceae;D_5__Bacteroides	0.999999126262691
cc220dbae8cc81df72be3897c6c9beb5	D_0__Bacteria;D_1__Firmicutes;D_2__Clostridia;D_3__Clostridiales;D_4__Lachnospiraceae;D_5__Lachnoclostridium;D_6__uncultured Firmicutes bacterium	0.8537429800002326
ccb87eda570dfea15cc2b6981e40dd8b	D_0__Bacteria;D_1__Firmicutes;D_2__Clostridia;D_3__Clostridiales;D_4__Lachnospiraceae;D_5__Coprococcus 1	0.999709949947712
cd5e76dd66c4dd8a7aca90627114073f	D_0__Bacteria;D_1__Firmicutes;D_2__Bacilli;D_3__Lactobacillales;D_4__Lactobacillaceae;D_5__Lactobacillus	0.9991276205904327
cd7bdb61d0534077127162bc99359742	D_0__Bacteria;D_1__Bacteroidetes;D_2__Bacteroidia;D_3__Bacteroidales;D_4__Prevotellaceae;D_5__Prevotella;D_6__Prevotella buccalis	0.9250921580770125
cdaaa822028ef64c4a96f3620f76df50	D_0__Bacteria;D_1__Firmicutes;D_2__Clostridia;D_3__Clostridiales;D_4__Peptostreptococcaceae;D_5__Terrisporobacter	0.9900219747192395
ce0ee154964bd0183503a54f8bcd6e14	D_0__Bacteria;D_1__Bacteroidetes;D_2__Bacteroidia;D_3__Bacteroidales;D_4__Dysgonomonadaceae;D_5__Proteiniphilum	0.7626753608272183
ce4d5013156b0aaa110404bf591889b5	D_0__Bacteria;D_1__Tenericutes;D_2__Mollicutes;D_3__Izimaplasmatales;D_4__uncultured organism;D_5__uncultured organism;D_6__uncultured organism	0.9990257101569706
ce7260fe3f31c7fa47ae17dc33d2b8f7	D_0__Bacteria;D_1__Firmicutes;D_2__Clostridia;D_3__Clostridiales;D_4__Ruminococcaceae;D_5__UBA1819	0.99806163998943
cf2bf6c0d9a1aebde693f860f682d7b1	D_0__Bacteria;D_1__Actinobacteria;D_2__Coriobacteriia;D_3__Coriobacteriales;D_4__Eggerthellaceae;D_5__Slackia	0.9994731876004399
cfccfa9165148a389d5d226d7f97efff	D_0__Bacteria;D_1__Firmicutes;D_2__Clostridia;D_3__Clostridiales;D_4__Lachnospiraceae;D_5__[Eubacterium] xylanophilum group;D_6__uncultured organism	0.776649224933925
d00543d8297858e5fa92233bead584fb	D_0__Bacteria;D_1__Firmicutes;D_2__Clostridia;D_3__Clostridiales;D_4__Lachnospiraceae;D_5__Agathobacter	0.7315097142786644
d062c370afa965a780cca734ce7f438f	D_0__Bacteria;D_1__Firmicutes;D_2__Clostridia;D_3__Clostridiales;D_4__Lachnospiraceae;D_5__Blautia	0.902511357437977
d0915cfee16c842a9dc507bd35b401c5	D_0__Bacteria;D_1__Bacteroidetes;D_2__Bacteroidia;D_3__Bacteroidales;D_4__Bacteroidaceae;D_5__Bacteroides	0.9999793654615599
d092cb433d44be80223a533e9d2e0f8a	D_0__Bacteria;D_1__Firmicutes;D_2__Clostridia;D_3__Clostridiales;D_4__Christensenellaceae;D_5__Christensenellaceae R-7 group	0.8832970880026995
d0a41fe36b3116634a6bf7e1975d73b5	D_0__Bacteria;D_1__Actinobacteria;D_2__Actinobacteria;D_3__Corynebacteriales;D_4__Corynebacteriaceae;D_5__Lawsonella	0.9955236691437326
d1648e094837c0602fbf0a9c08d9c263	D_0__Bacteria;D_1__Firmicutes;D_2__Clostridia;D_3__Clostridiales;D_4__Ruminococcaceae;D_5__Ruminiclostridium 5;D_6__uncultured organism	0.9868427603440437
d2170bdd23bf1cbd0eb344349607feb8	D_0__Bacteria;D_1__Bacteroidetes;D_2__Bacteroidia;D_3__Bacteroidales;D_4__Bacteroidaceae;D_5__Bacteroides	0.9999938710856378
d2fca5497d05456b10c14788597be9ce	D_0__Bacteria;D_1__Bacteroidetes;D_2__Bacteroidia;D_3__Bacteroidales;D_4__Tannerellaceae;D_5__Parabacteroides	0.9935139422122606
d3a7153014cbb497d7bd025e099be3fe	D_0__Bacteria;D_1__Actinobacteria;D_2__Coriobacteriia;D_3__Coriobacteriales;D_4__Eggerthellaceae;D_5__Eggerthella	0.9999969738528222
d428ac82ab2e4bfe06d8af22d122c519	D_0__Bacteria;D_1__Firmicutes;D_2__Negativicutes;D_3__Selenomonadales;D_4__Veillonellaceae;D_5__Dialister	0.9997744035655072
d4debe4c70fe5b905a42e3561015b680	D_0__Bacteria;D_1__Firmicutes;D_2__Clostridia;D_3__Clostridiales;D_4__Ruminococcaceae;D_5__Subdoligranulum	0.999518944507626
d5708199e0a4d54fd4532a99e16600e3	D_0__Bacteria;D_1__Firmicutes;D_2__Clostridia	0.711799353806641
d5af38dcda023448a7425bec278daf75	D_0__Bacteria;D_1__Firmicutes;D_2__Bacilli;D_3__Lactobacillales;D_4__Streptococcaceae;D_5__Streptococcus	0.9999838180702457
d5c61eb7a0da10cbe0854d3f95423f05	D_0__Bacteria;D_1__Actinobacteria;D_2__Actinobacteria;D_3__Corynebacteriales;D_4__Corynebacteriaceae;D_5__Corynebacterium 1	0.8630555315605832
d7ee879323d6b60d3dd6bbdf695c1052	D_0__Bacteria;D_1__Proteobacteria;D_2__Gammaproteobacteria;D_3__Pseudomonadales;D_4__Pseudomonadaceae;D_5__Pseudomonas	0.9994866848209124
d7fc9e1b3d2ab955e2ebbf28e7055bd2	D_0__Bacteria;D_1__Proteobacteria;D_2__Alphaproteobacteria;D_3__Rhizobiales;D_4__Rhizobiaceae;D_5__Allorhizobium-Neorhizobium-Pararhizobium-Rhizobium	0.9749275776540339
d800881c005c421b67ba8a1d269edbfc	D_0__Bacteria;D_1__Firmicutes;D_2__Erysipelotrichia;D_3__Erysipelotrichales;D_4__Erysipelotrichaceae;D_5__Holdemania;D_6__uncultured bacterium	0.8371997540621398
d89b86661658e20c19625021044cce74	D_0__Bacteria;D_1__Actinobacteria;D_2__Actinobacteria;D_3__Actinomycetales;D_4__Actinomycetaceae;D_5__Actinomyces	0.999684922639109
d947ea02c54be4451a6d8e09cee453ac	D_0__Bacteria;D_1__Proteobacteria;D_2__Deltaproteobacteria;D_3__Desulfovibrionales;D_4__Desulfovibrionaceae;D_5__Bilophila;D_6__uncultured delta proteobacterium	0.7186695487772016
d9d27931693077781e8c5d4b1839255b	D_0__Bacteria;D_1__Firmicutes;D_2__Bacilli;D_3__Lactobacillales;D_4__Lactobacillaceae;D_5__Lactobacillus	0.9998788038629786
d9edad644e8a2d6f4ae49eabf7338d3b	D_0__Bacteria;D_1__Actinobacteria;D_2__Actinobacteria;D_3__Actinomycetales;D_4__Actinomycetaceae;D_5__Varibaculum	0.9997796937359258
da04216f075e5d1b2cddc09c16442df9	D_0__Bacteria;D_1__Firmicutes;D_2__Clostridia;D_3__Clostridiales;D_4__Peptostreptococcaceae;D_5__Romboutsia	0.9016926374948491
da426b014fdc202790ae5e8730a81fef	D_0__Bacteria;D_1__Firmicutes;D_2__Clostridia;D_3__Clostridiales;D_4__Clostridiales vadinBB60 group;D_5__uncultured organism;D_6__uncultured organism	0.9816267821186052
db389711fa969bf4fbcb94c95d1ebefe	D_0__Bacteria;D_1__Firmicutes;D_2__Clostridia;D_3__Clostridiales;D_4__Christensenellaceae;D_5__Christensenellaceae R-7 group	0.9331861875192207
db7d9a1edc4d0d66a0f7b851711f5436	D_0__Bacteria;D_1__Bacteroidetes;D_2__Bacteroidia;D_3__Bacteroidales;D_4__Bacteroidaceae;D_5__Bacteroides	0.9999324167607906
dce01cf82eb0aa33d7dbb7db1f663815	D_0__Bacteria;D_1__Firmicutes;D_2__Clostridia;D_3__Clostridiales;D_4__Christensenellaceae;D_5__Christensenellaceae R-7 group	0.9920672580327481
dd06773f22bc5193e4b519f1eec55c59	D_0__Bacteria;D_1__Firmicutes;D_2__Bacilli;D_3__Bacillales;D_4__Bacillaceae;D_5__Bacillus	0.9687124590663382
ddc5f01ff417195cd0541374d5833e3e	D_0__Bacteria;D_1__Firmicutes;D_2__Bacilli;D_3__Bacillales;D_4__Planococcaceae	0.7634855641342241
dfac87ec2d40ab384e8ad09a3879a400	D_0__Bacteria;D_1__Firmicutes;D_2__Clostridia;D_3__Clostridiales;D_4__Christensenellaceae;D_5__Christensenellaceae R-7 group	0.9191848106676975
dfd1293fb7251fd5cc7cc6b5bda1b1ec	D_0__Bacteria;D_1__Firmicutes;D_2__Clostridia;D_3__Clostridiales;D_4__Ruminococcaceae;D_5__Ruminococcaceae UCG-005	0.9327028780089963
dffb5513d5ea9c08e10516f4484bcc00	D_0__Bacteria;D_1__Firmicutes;D_2__Clostridia;D_3__Clostridiales;D_4__Ruminococcaceae	0.9923144270334276
e19ec752e1e51178d9c42d695c24688e	D_0__Bacteria;D_1__Proteobacteria;D_2__Alphaproteobacteria;D_3__Caulobacterales;D_4__Caulobacteraceae;D_5__Brevundimonas	0.9634627240000324
e1c4f5595ada542d9a1e4f8e9b6ac662	D_0__Bacteria;D_1__Bacteroidetes;D_2__Bacteroidia;D_3__Bacteroidales;D_4__Bacteroidaceae;D_5__Bacteroides	0.9999741181181008
e268f680bbb21865f24bcbd84cfbde2f	D_0__Bacteria;D_1__Proteobacteria;D_2__Gammaproteobacteria;D_3__Betaproteobacteriales;D_4__Rhodocyclaceae;D_5__Dechloromonas	0.9370505451385183
e26a7e7cd121ac63b7e4b988b77656be	D_0__Bacteria;D_1__Firmicutes;D_2__Clostridia;D_3__Clostridiales;D_4__Lachnospiraceae;D_5__Agathobacter	0.710981579858559
e3b9d440eb993245b3b1d99e260ecc19	D_0__Bacteria;D_1__Bacteroidetes;D_2__Bacteroidia;D_3__Bacteroidales;D_4__Bacteroidaceae;D_5__Bacteroides	0.9999975825809223
e4119f79cc2ba5544668c68c08b2eb54	D_0__Bacteria;D_1__Firmicutes;D_2__Clostridia;D_3__Clostridiales;D_4__Lachnospiraceae;D_5__Lachnospiraceae NK4A136 group	0.8378318815526504
e5435d96331af52072cd50ff6d0d4563	D_0__Bacteria;D_1__Bacteroidetes;D_2__Bacteroidia;D_3__Bacteroidales;D_4__Prevotellaceae;D_5__Prevotella 9	0.9996603713541622
e59f790f24f4e23200a93675ff6059ec	D_0__Bacteria;D_1__Bacteroidetes;D_2__Bacteroidia;D_3__Bacteroidales;D_4__Bacteroidaceae;D_5__Bacteroides	0.9999656492400328
e605e27e29dd0e470fe7961974e61a7a	D_0__Bacteria;D_1__Firmicutes;D_2__Clostridia;D_3__Clostridiales;D_4__Ruminococcaceae;D_5__Ruminococcaceae UCG-002	0.9971232897311703
e7ea232b580d98cec995b65157361431	D_0__Bacteria;D_1__Firmicutes;D_2__Clostridia;D_3__Clostridiales;D_4__Lachnospiraceae;D_5__Lachnospiraceae FCS020 group;D_6__uncultured organism	0.9835674419156583
e83593f04b2f619bf181a685dacf836f	D_0__Bacteria;D_1__Firmicutes;D_2__Clostridia;D_3__Clostridiales;D_4__Christensenellaceae;D_5__Christensenellaceae R-7 group;D_6__uncultured Spirochaetales bacterium	0.7904051789314108
e8d5562e9761500b0d5c551299053ede	D_0__Bacteria;D_1__Firmicutes;D_2__Bacilli;D_3__Bacillales;D_4__Staphylococcaceae;D_5__Staphylococcus	0.9910281258307514
e926424cd4c288124f1562c1ced50e0c	D_0__Bacteria;D_1__Firmicutes;D_2__Clostridia;D_3__Clostridiales;D_4__Lachnospiraceae	0.9913892547061572
e9670565d9f04e5997286a1a131c46c4	D_0__Bacteria;D_1__Firmicutes;D_2__Clostridia;D_3__Clostridiales;D_4__Ruminococcaceae;D_5__Subdoligranulum	0.8235761840379765
ea8afbd709d2c562e2fd37995bcc4dea	D_0__Bacteria;D_1__Proteobacteria;D_2__Gammaproteobacteria;D_3__Xanthomonadales;D_4__Xanthomonadaceae;D_5__Stenotrophomonas	0.9949139325726462
eb245cb26f097a74a9130650aefc9f1e	D_0__Bacteria;D_1__Proteobacteria;D_2__Alphaproteobacteria;D_3__Rhodospirillales;D_4__uncultured;D_5__Azospirillum sp. 47_25;D_6__Azospirillum sp. 47_25	0.9957183857010488
ebc62fd8bcdee9280a1cea01ddf72857	D_0__Bacteria;D_1__Bacteroidetes;D_2__Bacteroidia;D_3__Bacteroidales;D_4__Bacteroidaceae;D_5__Bacteroides	0.9999984864367442
ec4747dc4959f1a9fdd8ff8b6aa8d4c2	D_0__Bacteria;D_1__Bacteroidetes;D_2__Bacteroidia;D_3__Bacteroidales;D_4__Bacteroidaceae;D_5__Bacteroides	0.9999972045265424
ece806a82632fc78f84dedeb7b3bf244	D_0__Bacteria;D_1__Firmicutes;D_2__Clostridia;D_3__Clostridiales;D_4__Ruminococcaceae	0.8853782286148612
ed3beb4beb76170e062b2266272f4bab	D_0__Bacteria;D_1__Firmicutes;D_2__Clostridia;D_3__Clostridiales	0.9690724809727959
edaa8fc1b61d5baa3fa4cafc95c77692	D_0__Bacteria;D_1__Firmicutes;D_2__Clostridia;D_3__Clostridiales;D_4__Ruminococcaceae;D_5__Ruminococcaceae UCG-014	0.9999842005409464
ef8e7b4c1209f8526f262c39470a697e	D_0__Bacteria;D_1__Firmicutes;D_2__Clostridia;D_3__Clostridiales;D_4__Family XIII;D_5__Family XIII AD3011 group	0.8164759110944887
efb00403057bc7d4bd389578d4fd9b59	D_0__Bacteria;D_1__Proteobacteria;D_2__Gammaproteobacteria;D_3__Enterobacteriales;D_4__Enterobacteriaceae	0.9939074001884797
f026bc3d92e943febaa74d620be5400d	D_0__Bacteria;D_1__Firmicutes;D_2__Clostridia;D_3__Clostridiales;D_4__Ruminococcaceae;D_5__[Eubacterium] coprostanoligenes group;D_6__human gut metagenome	0.9971465081006256
f115a8e3255bff43b08f744f27c68c46	D_0__Bacteria;D_1__Firmicutes;D_2__Clostridia;D_3__Clostridiales;D_4__Defluviitaleaceae;D_5__Defluviitaleaceae UCG-011;D_6__uncultured bacterium	0.7240873144279353
f19c040547e4e0941c7f70305ccf55cf	D_0__Bacteria;D_1__Firmicutes;D_2__Bacilli;D_3__Bacillales;D_4__Bacillaceae;D_5__Bacillus	0.9945787254070547
f25c8318948d017129fa55df7333e817	D_0__Bacteria;D_1__Firmicutes;D_2__Clostridia;D_3__Clostridiales;D_4__Lachnospiraceae	0.9999983880792832
f2ae9532a9ca729854cdf2c07064f994	D_0__Bacteria;D_1__Bacteroidetes;D_2__Bacteroidia;D_3__Bacteroidales;D_4__Tannerellaceae;D_5__Parabacteroides	0.9998292022973512
f38cb9cc0982d76f14a7ac20a85588bf	D_0__Bacteria;D_1__Firmicutes;D_2__Clostridia;D_3__Clostridiales;D_4__Ruminococcaceae;D_5__Ruminococcaceae UCG-013;D_6__uncultured bacterium	0.7665125907874994
f47fea3b0062f1782f8f2cb5154c25c1	D_0__Bacteria;D_1__Bacteroidetes;D_2__Bacteroidia;D_3__Bacteroidales;D_4__Bacteroidaceae;D_5__Bacteroides	0.9999732090950808
f57047843d19add7acef58421379880e	D_0__Bacteria;D_1__Firmicutes;D_2__Clostridia;D_3__Clostridiales;D_4__Ruminococcaceae;D_5__Butyricicoccus	0.9998341649366626
f57b701d39ad023900a8b0b8afcb5cd7	D_0__Bacteria;D_1__Firmicutes;D_2__Bacilli;D_3__Bacillales;D_4__Planococcaceae	0.7790366293906122
f5b5558fa87f018e0f6efbde53895483	D_0__Bacteria;D_1__Proteobacteria;D_2__Gammaproteobacteria;D_3__Enterobacteriales;D_4__Enterobacteriaceae;D_5__Providencia	0.9827342342028347
f638ade58751cd2499cb009f5708858d	D_0__Bacteria;D_1__Firmicutes;D_2__Clostridia;D_3__Clostridiales;D_4__Ruminococcaceae;D_5__Ruminococcaceae UCG-014	0.9995412276101153
f64933c998313b78c2179f488bfb0953	D_0__Bacteria;D_1__Actinobacteria;D_2__Actinobacteria;D_3__Actinomycetales;D_4__Actinomycetaceae;D_5__Actinomyces	0.9999849239300159
f7148790336401a06b9226cc5a8372b9	D_0__Bacteria;D_1__Firmicutes;D_2__Clostridia;D_3__Clostridiales;D_4__Ruminococcaceae;D_5__Ruminococcaceae UCG-002;D_6__uncultured rumen bacterium	0.9420138217994666
f74c6f444a750f94921fa1b7e388f28e	D_0__Bacteria;D_1__Bacteroidetes;D_2__Bacteroidia;D_3__Bacteroidales;D_4__Prevotellaceae;D_5__Alloprevotella	0.9999975890524537
f7e18e3a0812a748a2a9a539813b7c55	D_0__Bacteria;D_1__Proteobacteria;D_2__Gammaproteobacteria;D_3__Enterobacteriales;D_4__Enterobacteriaceae;D_5__Escherichia-Shigella	0.8215252034386846
f8b941d215c94fbe3199f472f7ebbd29	D_0__Bacteria;D_1__Firmicutes;D_2__Clostridia;D_3__Clostridiales;D_4__Lachnospiraceae;D_5__Agathobacter;D_6__Eubacterium ramulus	0.9730577735227107
f8f3495ffa8ad111c9a314f196b839e4	D_0__Bacteria;D_1__Firmicutes;D_2__Negativicutes;D_3__Selenomonadales;D_4__Veillonellaceae;D_5__Allisonella;D_6__uncultured bacterium	0.9089254321514233
f9a5a0af8461a2a68ea11234ecb8af7d	D_0__Bacteria;D_1__Firmicutes;D_2__Clostridia;D_3__Clostridiales;D_4__Ruminococcaceae;D_5__Faecalibacterium	0.9989175273615172
fa15ed91d7859d7d7a88c34650b26a5d	D_0__Bacteria;D_1__Firmicutes;D_2__Clostridia;D_3__Clostridiales;D_4__Family XI;D_5__Anaerococcus	0.9999995575184332
fb0137d27f104c964b08c8096a67d8c1	D_0__Bacteria;D_1__Bacteroidetes;D_2__Bacteroidia;D_3__Bacteroidales;D_4__Rikenellaceae;D_5__Alistipes;D_6__Alistipes sp. N15.MGS-157	0.9910763243134195
fbd1882d5055c77a88c20831b56943f3	D_0__Bacteria;D_1__Firmicutes;D_2__Clostridia;D_3__Clostridiales;D_4__Ruminococcaceae;D_5__Ruminiclostridium 5	0.9995950172885921
fbdd0902547e731213774ae430eb3d6a	D_0__Bacteria;D_1__Firmicutes;D_2__Erysipelotrichia;D_3__Erysipelotrichales;D_4__Erysipelotrichaceae;D_5__Turicibacter	0.9932820054512224
fc89b71ba14dc877e9e8527e6ed60391	D_0__Bacteria;D_1__Firmicutes;D_2__Clostridia;D_3__Clostridiales;D_4__Ruminococcaceae;D_5__Oscillibacter;D_6__gut metagenome	0.7007645828784314
fd0568b68330a837e8fb9187ea4e2369	D_0__Bacteria;D_1__Firmicutes;D_2__Clostridia;D_3__Clostridiales;D_4__Ruminococcaceae;D_5__Ruminococcaceae UCG-002	0.9724765278760263
fd1b05a3bb5c9987b04a5536c6790e8f	D_0__Bacteria;D_1__Verrucomicrobia;D_2__Verrucomicrobiae;D_3__Verrucomicrobiales;D_4__Akkermansiaceae;D_5__Akkermansia;D_6__gut metagenome	0.7517070901196206
fdbdfbe714d697265a0ebbee7df873e0	D_0__Bacteria;D_1__Verrucomicrobia;D_2__Verrucomicrobiae;D_3__Verrucomicrobiales;D_4__Akkermansiaceae;D_5__Akkermansia	0.9999957301579794
fe1668344aef740be400b5335dc7d7df	D_0__Bacteria;D_1__Firmicutes;D_2__Clostridia;D_3__Clostridiales;D_4__Lachnospiraceae;D_5__Lachnospira	0.9921198362212539
fe437dbf6f413de277ea1f26f2ee91d7	D_0__Bacteria;D_1__Actinobacteria;D_2__Coriobacteriia;D_3__Coriobacteriales;D_4__Eggerthellaceae	0.9999986851220246
feb2e37114daa6d2f4387811e83850ba	D_0__Bacteria;D_1__Firmicutes;D_2__Clostridia;D_3__Clostridiales;D_4__Lachnospiraceae;D_5__Fusicatenibacter	0.998255183610135
fedefc21857653822be936b68f5bf93d	D_0__Bacteria;D_1__Firmicutes;D_2__Clostridia;D_3__Clostridiales;D_4__Lachnospiraceae;D_5__uncultured;D_6__uncultured bacterium adhufec382	0.9302214719032879
ffcc7e5bf420ec49a7b22fe511713a6a	D_0__Bacteria;D_1__Firmicutes;D_2__Clostridia;D_3__Clostridiales;D_4__Lachnospiraceae;D_5__Roseburia	0.9190825497793393
fff70952d90dd22f531080f6959328c1	D_0__Bacteria;D_1__Firmicutes;D_2__Clostridia;D_3__Clostridiales;D_4__Lachnospiraceae;D_5__Hungatella	0.8851099427630797
