Edges,HP_genus_network
Corynebacterium-Fusobacterium-pos,0.3292
Corynebacterium-Veillonella-pos,0.1268
Corynebacterium-Actinomyces-pos,0.1084
Corynebacterium-Prevotella-pos,0.4931
Corynebacterium-Rothia-neg,0.1503
Corynebacterium-Bacteroidia-neg,0.1296
Corynebacterium-Pasteurellaceae-neg,0.1462
Corynebacterium-Dialister-pos,0.1891
Corynebacterium-Campylobacter-pos,0.3371
Corynebacterium-Actinomycetaceae-pos,0.4979
Corynebacterium-Neisseria-pos,0.4355
Corynebacterium-Leptotrichia-pos,0.6115
Corynebacterium-Haemophilus-pos,0.5202
Corynebacterium-Neisseriaceae-pos,0.4002
Corynebacterium-Capnocytophaga-pos,0.7834
Corynebacterium-Lachnospiraceae-pos,0.4518
Corynebacterium-Gemella-pos,0.1365
Corynebacterium-Selenomonas-pos,0.2002
Corynebacterium-Bacillus-neg,0.4506
Corynebacterium-Exiguobacterium-neg,0.3996
Corynebacterium-Porphyromonas-neg,0.4677
Corynebacterium-Burkholderiales-pos,0.1863
Corynebacterium-Paracoccus-neg,0.1876
Corynebacterium-Enterococcaceae-pos,0.536
Corynebacterium-Tissierellaceae-neg,0.1004
Corynebacterium-Atopobium-pos,0.2205
Corynebacterium-Gammaproteobacteria-pos,0.4162
Corynebacterium-Desulfovibrio-neg,0.4773
Corynebacterium-Clostridiales-neg,0.3659
Corynebacterium-Erysipelotrichaceae-neg,0.1472
Corynebacterium-Hungateiclostridiaceae-pos,0.3944
Corynebacterium-Pseudomonas-neg,0.3334
Corynebacterium-Microbacter-neg,0.1393
Corynebacterium-Bacteria-neg,0.3248
Corynebacterium-Synergistaceae-neg,0.2857
Corynebacterium-Firmicutes-neg,0.4052
Corynebacterium-Bifidobacteriaceae-neg,0.2818
Corynebacterium-Megasphaera-neg,0.1134
Corynebacterium-Peptostreptococcus-pos,0.1545
Corynebacterium-Moraxella-neg,0.1383
Corynebacterium-Opitutaceae-neg,0.2982
Corynebacterium-Acinetobacter-neg,0.2446
Corynebacterium-Unclassified-neg,0.1174
Fusobacterium-Veillonella-neg,0.2998
Fusobacterium-Actinomyces-neg,0.3285
Fusobacterium-Prevotella-pos,0.5305
Fusobacterium-Streptococcus-neg,0.5528
Fusobacterium-Rothia-neg,0.3485
Fusobacterium-Bacteroidia-pos,0.2713
Fusobacterium-Pasteurellaceae-pos,0.1765
Fusobacterium-Dialister-pos,0.3547
Fusobacterium-Campylobacter-pos,0.5651
Fusobacterium-Neisseria-pos,0.4557
Fusobacterium-Leptotrichia-pos,0.2417
Fusobacterium-Haemophilus-neg,0.1361
Fusobacterium-Capnocytophaga-pos,0.5107
Fusobacterium-Parabacteroides-pos,0.2187
Fusobacterium-Lachnospiraceae-pos,0.3169
Fusobacterium-Bacillus-neg,0.3584
Fusobacterium-Exiguobacterium-neg,0.2383
Fusobacterium-Clostridiales Family XIII. Incertae Sedis-pos,0.5465
Fusobacterium-Enterococcus-neg,0.1921
Fusobacterium-Treponema-pos,0.2259
Fusobacterium-Bacteroidales-pos,0.164
Fusobacterium-Paracoccus-neg,0.2336
Fusobacterium-Enterococcaceae-neg,0.2253
Fusobacterium-Tissierellaceae-pos,0.2654
Fusobacterium-Tissierella-pos,0.1203
Fusobacterium-Desulfovibrio-neg,0.1434
Fusobacterium-Clostridiales-pos,0.1055
Fusobacterium-Hungateiclostridiaceae-pos,0.1654
Fusobacterium-Pseudomonas-neg,0.2891
Fusobacterium-Microbacter-neg,0.1108
Fusobacterium-Firmicutes-pos,0.1027
Fusobacterium-Bifidobacteriaceae-neg,0.4138
Fusobacterium-Moraxella-neg,0.2929
Fusobacterium-Rodentibacter-neg,0.123
Fusobacterium-Opitutaceae-neg,0.2992
Fusobacterium-Chromatiaceae-neg,0.4055
Fusobacterium-Unclassified-neg,0.5961
Veillonella-Actinomyces-pos,0.7607
Veillonella-Prevotella-neg,0.1141
Veillonella-Streptococcus-pos,0.7882
Veillonella-Rothia-pos,0.615
Veillonella-Bacteroidia-neg,0.4491
Veillonella-Actinomycetaceae-pos,0.2286
Veillonella-Haemophilus-pos,0.4253
Veillonella-Neisseriaceae-pos,0.4367
Veillonella-Parabacteroides-neg,0.5617
Veillonella-Gemella-neg,0.1517
Veillonella-Selenomonas-neg,0.228
Veillonella-Bacillus-pos,0.2391
Veillonella-Porphyromonas-neg,0.2636
Veillonella-Clostridiales Family XIII. Incertae Sedis-neg,0.2913
Veillonella-Burkholderiales-pos,0.4342
Veillonella-Enterococcus-pos,0.1505
Veillonella-Treponema-neg,0.407
Veillonella-Bacteroidales-neg,0.2161
Veillonella-Paracoccus-pos,0.252
Veillonella-Enterococcaceae-pos,0.1805
Veillonella-Tissierellaceae-pos,0.1236
Veillonella-Atopobium-pos,0.2508
Veillonella-Gammaproteobacteria-neg,0.1179
Veillonella-Desulfovibrio-neg,0.1814
Veillonella-Clostridiales-neg,0.4654
Veillonella-Erysipelotrichaceae-pos,0.1492
Veillonella-Hungateiclostridiaceae-neg,0.1359
Veillonella-Pseudomonas-pos,0.1668
Veillonella-Peptostreptococcaceae-neg,0.152
Veillonella-Bacteria-neg,0.286
Veillonella-Synergistaceae-neg,0.1479
Veillonella-Firmicutes-neg,0.4222
Veillonella-Bifidobacteriaceae-pos,0.4452
Veillonella-Megasphaera-pos,0.1788
Veillonella-Moraxella-pos,0.143
Veillonella-Chromatiaceae-pos,0.2944
Veillonella-Unclassified-pos,0.5241
Actinomyces-Prevotella-neg,0.1258
Actinomyces-Streptococcus-pos,0.6295
Actinomyces-Rothia-pos,0.5948
Actinomyces-Bacteroidia-neg,0.3935
Actinomyces-Dialister-neg,0.132
Actinomyces-Actinomycetaceae-pos,0.2196
Actinomyces-Neisseria-neg,0.3281
Actinomyces-Haemophilus-pos,0.18
Actinomyces-Neisseriaceae-pos,0.4373
Actinomyces-Capnocytophaga-neg,0.2086
Actinomyces-Parabacteroides-neg,0.4541
Actinomyces-Gemella-neg,0.4001
Actinomyces-Selenomonas-neg,0.1177
Actinomyces-Bacillus-pos,0.2793
Actinomyces-Exiguobacterium-pos,0.1726
Actinomyces-Porphyromonas-neg,0.3027
Actinomyces-Clostridiales Family XIII. Incertae Sedis-neg,0.3007
Actinomyces-Burkholderiales-pos,0.3825
Actinomyces-Enterococcus-pos,0.1976
Actinomyces-Treponema-neg,0.3752
Actinomyces-Bacteroidales-neg,0.2648
Actinomyces-Paracoccus-pos,0.3029
Actinomyces-Tissierellaceae-pos,0.1615
Actinomyces-Atopobium-pos,0.258
Actinomyces-Gammaproteobacteria-neg,0.2089
Actinomyces-Tissierella-neg,0.1359
Actinomyces-Clostridiales-neg,0.6178
Actinomyces-Erysipelotrichaceae-pos,0.2793
Actinomyces-Hungateiclostridiaceae-neg,0.1497
Actinomyces-Pseudomonas-pos,0.2108
Actinomyces-Microbacter-pos,0.1336
Actinomyces-Peptostreptococcaceae-neg,0.3146
Actinomyces-Bacteria-neg,0.296
Actinomyces-Synergistaceae-neg,0.1623
Actinomyces-Firmicutes-neg,0.4403
Actinomyces-Bifidobacteriaceae-pos,0.5645
Actinomyces-Micrococcales-pos,0.1897
Actinomyces-Moraxella-pos,0.1569
Actinomyces-Chromatiaceae-pos,0.1922
Actinomyces-Acinetobacter-pos,0.2158
Actinomyces-Unclassified-pos,0.6147
Prevotella-Streptococcus-neg,0.1792
Prevotella-Rothia-neg,0.3834
Prevotella-Bacteroidia-pos,0.1959
Prevotella-Dialister-pos,0.7608
Prevotella-Campylobacter-pos,0.3184
Prevotella-Neisseria-pos,0.3894
Prevotella-Leptotrichia-pos,0.3024
Prevotella-Haemophilus-neg,0.1991
Prevotella-Capnocytophaga-pos,0.525
Prevotella-Parabacteroides-pos,0.2534
Prevotella-Lachnospiraceae-pos,0.2452
Prevotella-Selenomonas-pos,0.4524
Prevotella-Exiguobacterium-neg,0.4141
Prevotella-Porphyromonas-neg,0.1412
Prevotella-Clostridiales Family XIII. Incertae Sedis-pos,0.6063
Prevotella-Enterococcus-neg,0.41
Prevotella-Treponema-pos,0.5178
Prevotella-Bacteroidales-neg,0.2881
Prevotella-Paracoccus-neg,0.3679
Prevotella-Enterococcaceae-pos,0.3085
Prevotella-Tissierellaceae-neg,0.1539
Prevotella-Atopobium-pos,0.3103
Prevotella-Tissierella-pos,0.3714
Prevotella-Desulfovibrio-neg,0.1967
Prevotella-Erysipelotrichaceae-neg,0.3695
Prevotella-Hungateiclostridiaceae-pos,0.5455
Prevotella-Pseudomonas-neg,0.4862
Prevotella-Microbacter-neg,0.4142
Prevotella-Peptostreptococcaceae-pos,0.1673
Prevotella-Bacteria-neg,0.1145
Prevotella-Micrococcales-neg,0.3123
Prevotella-Moraxella-neg,0.2621
Prevotella-Opitutaceae-neg,0.4293
Prevotella-Chromatiaceae-neg,0.2939
Rothia-Streptococcus-pos,0.4457
Rothia-Bacteroidia-neg,0.3204
Rothia-Dialister-neg,0.2964
Rothia-Campylobacter-neg,0.261
Rothia-Actinomycetaceae-pos,0.175
Rothia-Neisseria-neg,0.2934
Rothia-Leptotrichia-neg,0.3593
Rothia-Haemophilus-pos,0.2025
Rothia-Neisseriaceae-pos,0.3576
Rothia-Capnocytophaga-neg,0.3227
Rothia-Parabacteroides-neg,0.653
Rothia-Lachnospiraceae-neg,0.2238
Rothia-Gemella-neg,0.274
Rothia-Selenomonas-neg,0.4553
Rothia-Bacillus-pos,0.2325
Rothia-Exiguobacterium-pos,0.3259
Rothia-Porphyromonas-neg,0.1776
Rothia-Clostridiales Family XIII. Incertae Sedis-neg,0.3953
Rothia-Burkholderiales-pos,0.3939
Rothia-Enterococcus-pos,0.3827
Rothia-Treponema-neg,0.4266
Rothia-Bacteroidales-neg,0.137
Rothia-Paracoccus-pos,0.507
Rothia-Enterococcaceae-neg,0.1807
Rothia-Gammaproteobacteria-neg,0.3221
Rothia-Tissierella-neg,0.1679
Rothia-Clostridiales-neg,0.1879
Rothia-Erysipelotrichaceae-pos,0.4453
Rothia-Hungateiclostridiaceae-neg,0.5038
Rothia-Pseudomonas-pos,0.5743
Rothia-Microbacter-pos,0.3159
Rothia-Peptostreptococcaceae-neg,0.1291
Rothia-Bacteria-neg,0.2133
Rothia-Firmicutes-neg,0.3003
Rothia-Bifidobacteriaceae-pos,0.3361
Rothia-Micrococcales-pos,0.2197
Rothia-Moraxella-pos,0.1891
Rothia-Rodentibacter-neg,0.2674
Rothia-Opitutaceae-pos,0.3677
Rothia-Chromatiaceae-pos,0.2723
Rothia-Unclassified-pos,0.2096
Bacteroidia-Streptococcus-neg,0.3056
Bacteroidia-Dialister-pos,0.2034
Bacteroidia-Campylobacter-pos,0.1117
Bacteroidia-Neisseria-pos,0.2066
Bacteroidia-Haemophilus-neg,0.2098
Bacteroidia-Neisseriaceae-neg,0.4083
Bacteroidia-Capnocytophaga-pos,0.1072
Bacteroidia-Parabacteroides-pos,0.5232
Bacteroidia-Gemella-pos,0.2705
Bacteroidia-Selenomonas-pos,0.172
Bacteroidia-Exiguobacterium-neg,0.2172
Bacteroidia-Porphyromonas-pos,0.165
Bacteroidia-Clostridiales Family XIII. Incertae Sedis-pos,0.3304
Bacteroidia-Burkholderiales-neg,0.2181
Bacteroidia-Enterococcus-neg,0.4136
Bacteroidia-Treponema-pos,0.4506
Bacteroidia-Paracoccus-neg,0.3506
Bacteroidia-Enterococcaceae-neg,0.1045
Bacteroidia-Gammaproteobacteria-pos,0.1971
Bacteroidia-Tissierella-pos,0.1867
Bacteroidia-Desulfovibrio-pos,0.16
Bacteroidia-Clostridiales-pos,0.5111
Bacteroidia-Erysipelotrichaceae-neg,0.2683
Bacteroidia-Hungateiclostridiaceae-pos,0.2973
Bacteroidia-Pseudomonas-neg,0.2794
Bacteroidia-Microbacter-neg,0.3353
Bacteroidia-Peptostreptococcaceae-pos,0.26
Bacteroidia-Bacteria-pos,0.2235
Bacteroidia-Synergistaceae-pos,0.1534
Bacteroidia-Firmicutes-pos,0.5344
Bacteroidia-Bifidobacteriaceae-neg,0.2766
Bacteroidia-Micrococcales-neg,0.1789
Bacteroidia-Moraxella-neg,0.1377
Bacteroidia-Rodentibacter-pos,0.2411
Bacteroidia-Opitutaceae-neg,0.4019
Bacteroidia-Acinetobacter-pos,0.2076
Bacteroidia-Unclassified-neg,0.2485
Pasteurellaceae-Dialister-neg,0.1067
Pasteurellaceae-Neisseria-pos,0.3206
Pasteurellaceae-Neisseriaceae-neg,0.1217
Pasteurellaceae-Parabacteroides-pos,0.1099
Pasteurellaceae-Gemella-pos,0.1181
Pasteurellaceae-Selenomonas-neg,0.2091
Pasteurellaceae-Exiguobacterium-pos,0.2508
Pasteurellaceae-Porphyromonas-neg,0.1261
Pasteurellaceae-Clostridiales Family XIII. Incertae Sedis-neg,0.1435
Pasteurellaceae-Bacteroidales-pos,0.1861
Pasteurellaceae-Paracoccus-pos,0.2728
Pasteurellaceae-Enterococcaceae-neg,0.1294
Pasteurellaceae-Tissierellaceae-pos,0.1147
Pasteurellaceae-Atopobium-neg,0.2609
Pasteurellaceae-Tissierella-neg,0.2184
Pasteurellaceae-Desulfovibrio-neg,0.1302
Pasteurellaceae-Erysipelotrichaceae-pos,0.3265
Pasteurellaceae-Hungateiclostridiaceae-pos,0.1095
Pasteurellaceae-Pseudomonas-pos,0.1349
Pasteurellaceae-Microbacter-pos,0.1623
Pasteurellaceae-Bacteria-neg,0.231
Pasteurellaceae-Megasphaera-neg,0.3182
Pasteurellaceae-Rodentibacter-pos,0.1345
Pasteurellaceae-Chromatiaceae-neg,0.1728
Pasteurellaceae-Unclassified-neg,0.1587
Dialister-Campylobacter-pos,0.2411
Dialister-Actinomycetaceae-neg,0.1864
Dialister-Neisseria-pos,0.3053
Dialister-Haemophilus-neg,0.3034
Dialister-Neisseriaceae-neg,0.1093
Dialister-Capnocytophaga-pos,0.2261
Dialister-Parabacteroides-pos,0.2692
Dialister-Gemella-pos,0.1038
Dialister-Selenomonas-pos,0.2568
Dialister-Exiguobacterium-neg,0.2943
Dialister-Clostridiales Family XIII. Incertae Sedis-pos,0.6651
Dialister-Burkholderiales-neg,0.1365
Dialister-Enterococcus-neg,0.4752
Dialister-Treponema-pos,0.4735
Dialister-Bacteroidales-neg,0.4511
Dialister-Paracoccus-neg,0.3704
Dialister-Enterococcaceae-pos,0.1071
Dialister-Tissierellaceae-pos,0.1042
Dialister-Atopobium-pos,0.4054
Dialister-Gammaproteobacteria-neg,0.2765
Dialister-Tissierella-pos,0.2802
Dialister-Erysipelotrichaceae-neg,0.4004
Dialister-Hungateiclostridiaceae-pos,0.4961
Dialister-Pseudomonas-neg,0.5077
Dialister-Microbacter-neg,0.4066
Dialister-Peptostreptococcaceae-pos,0.1814
Dialister-Bacteria-pos,0.1032
Dialister-Synergistaceae-pos,0.1329
Dialister-Firmicutes-pos,0.1911
Dialister-Bifidobacteriaceae-pos,0.1189
Dialister-Megasphaera-pos,0.1445
Dialister-Micrococcales-neg,0.4358
Dialister-Peptostreptococcus-neg,0.1186
Dialister-Moraxella-neg,0.1657
Dialister-Opitutaceae-neg,0.3408
Dialister-Chromatiaceae-neg,0.1642
Dialister-Acinetobacter-pos,0.1886
Campylobacter-Streptococcus-neg,0.2026
Campylobacter-Actinomycetaceae-pos,0.1088
Campylobacter-Neisseria-pos,0.1972
Campylobacter-Leptotrichia-pos,0.3349
Campylobacter-Neisseriaceae-pos,0.3223
Campylobacter-Capnocytophaga-pos,0.3006
Campylobacter-Parabacteroides-pos,0.2111
Campylobacter-Lachnospiraceae-pos,0.1899
Campylobacter-Gemella-neg,0.2999
Campylobacter-Selenomonas-pos,0.1802
Campylobacter-Bacillus-neg,0.3202
Campylobacter-Exiguobacterium-neg,0.1983
Campylobacter-Porphyromonas-neg,0.1115
Campylobacter-Clostridiales Family XIII. Incertae Sedis-pos,0.2756
Campylobacter-Burkholderiales-neg,0.1489
Campylobacter-Enterococcus-neg,0.2762
Campylobacter-Treponema-pos,0.1617
Campylobacter-Paracoccus-neg,0.3182
Campylobacter-Enterococcaceae-neg,0.2337
Campylobacter-Tissierellaceae-pos,0.2286
Campylobacter-Atopobium-pos,0.1922
Campylobacter-Tissierella-neg,0.1014
Campylobacter-Erysipelotrichaceae-neg,0.1338
Campylobacter-Hungateiclostridiaceae-pos,0.2647
Campylobacter-Pseudomonas-neg,0.3789
Campylobacter-Microbacter-neg,0.1258
Campylobacter-Bifidobacteriaceae-neg,0.1892
Campylobacter-Moraxella-neg,0.2755
Campylobacter-Rodentibacter-pos,0.1382
Campylobacter-Opitutaceae-neg,0.2762
Campylobacter-Chromatiaceae-neg,0.188
Campylobacter-Acinetobacter-pos,0.1384
Actinomycetaceae-Streptococcus-pos,0.1035
Actinomycetaceae-Neisseria-pos,0.1528
Actinomycetaceae-Leptotrichia-pos,0.2856
Actinomycetaceae-Haemophilus-pos,0.4694
Actinomycetaceae-Neisseriaceae-pos,0.3138
Actinomycetaceae-Capnocytophaga-pos,0.3601
Actinomycetaceae-Parabacteroides-neg,0.2654
Actinomycetaceae-Lachnospiraceae-pos,0.2153
Actinomycetaceae-Porphyromonas-neg,0.518
Actinomycetaceae-Clostridiales Family XIII. Incertae Sedis-neg,0.2073
Actinomycetaceae-Burkholderiales-pos,0.2425
Actinomycetaceae-Enterococcus-pos,0.1994
Actinomycetaceae-Treponema-neg,0.2855
Actinomycetaceae-Paracoccus-pos,0.1632
Actinomycetaceae-Enterococcaceae-pos,0.2686
Actinomycetaceae-Tissierellaceae-neg,0.2038
Actinomycetaceae-Atopobium-neg,0.1348
Actinomycetaceae-Gammaproteobacteria-pos,0.4066
Actinomycetaceae-Tissierella-neg,0.3437
Actinomycetaceae-Desulfovibrio-neg,0.2556
Actinomycetaceae-Clostridiales-neg,0.3815
Actinomycetaceae-Erysipelotrichaceae-pos,0.1639
Actinomycetaceae-Peptostreptococcaceae-neg,0.104
Actinomycetaceae-Bacteria-neg,0.4017
Actinomycetaceae-Synergistaceae-neg,0.3588
Actinomycetaceae-Firmicutes-neg,0.376
Actinomycetaceae-Bifidobacteriaceae-neg,0.1849
Actinomycetaceae-Megasphaera-neg,0.2177
Actinomycetaceae-Micrococcales-pos,0.1817
Actinomycetaceae-Peptostreptococcus-neg,0.1204
Actinomycetaceae-Chromatiaceae-pos,0.2031
Neisseria-Streptococcus-neg,0.1306
Neisseria-Leptotrichia-pos,0.1764
Neisseria-Haemophilus-pos,0.3648
Neisseria-Capnocytophaga-pos,0.5987
Neisseria-Parabacteroides-pos,0.1516
Neisseria-Lachnospiraceae-pos,0.231
Neisseria-Gemella-pos,0.6043
Neisseria-Bacillus-neg,0.4072
Neisseria-Exiguobacterium-neg,0.3676
Neisseria-Porphyromonas-neg,0.1875
Neisseria-Clostridiales Family XIII. Incertae Sedis-pos,0.2203
Neisseria-Burkholderiales-pos,0.1369
Neisseria-Enterococcus-neg,0.1535
Neisseria-Bacteroidales-pos,0.1694
Neisseria-Paracoccus-neg,0.2792
Neisseria-Enterococcaceae-pos,0.3357
Neisseria-Tissierellaceae-pos,0.1282
Neisseria-Gammaproteobacteria-pos,0.2741
Neisseria-Tissierella-neg,0.1992
Neisseria-Desulfovibrio-neg,0.3212
Neisseria-Hungateiclostridiaceae-pos,0.4681
Neisseria-Pseudomonas-neg,0.3777
Neisseria-Microbacter-neg,0.2386
Neisseria-Peptostreptococcaceae-pos,0.3212
Neisseria-Bacteria-neg,0.2248
Neisseria-Synergistaceae-neg,0.1836
Neisseria-Bifidobacteriaceae-neg,0.4101
Neisseria-Micrococcales-neg,0.1052
Neisseria-Opitutaceae-neg,0.3067
Neisseria-Chromatiaceae-neg,0.16
Neisseria-Acinetobacter-neg,0.2107
Neisseria-Unclassified-neg,0.4424
Leptotrichia-Haemophilus-pos,0.1288
Leptotrichia-Neisseriaceae-pos,0.1691
Leptotrichia-Capnocytophaga-pos,0.6933
Leptotrichia-Parabacteroides-pos,0.2632
Leptotrichia-Lachnospiraceae-pos,0.5977
Leptotrichia-Selenomonas-pos,0.3142
Leptotrichia-Bacillus-neg,0.3383
Leptotrichia-Exiguobacterium-neg,0.2644
Leptotrichia-Porphyromonas-neg,0.367
Leptotrichia-Clostridiales Family XIII. Incertae Sedis-pos,0.1233
Leptotrichia-Burkholderiales-neg,0.1805
Leptotrichia-Bacteroidales-pos,0.2014
Leptotrichia-Paracoccus-neg,0.1356
Leptotrichia-Enterococcaceae-pos,0.1894
Leptotrichia-Tissierellaceae-neg,0.1047
Leptotrichia-Atopobium-pos,0.1458
Leptotrichia-Gammaproteobacteria-pos,0.4251
Leptotrichia-Desulfovibrio-neg,0.3791
Leptotrichia-Clostridiales-neg,0.2908
Leptotrichia-Erysipelotrichaceae-neg,0.1165
Leptotrichia-Hungateiclostridiaceae-pos,0.475
Leptotrichia-Pseudomonas-neg,0.2705
Leptotrichia-Bacteria-neg,0.1095
Leptotrichia-Synergistaceae-neg,0.2457
Leptotrichia-Firmicutes-neg,0.2772
Leptotrichia-Bifidobacteriaceae-neg,0.2437
Leptotrichia-Megasphaera-neg,0.1204
Leptotrichia-Peptostreptococcus-pos,0.1786
Leptotrichia-Rodentibacter-pos,0.2071
Leptotrichia-Opitutaceae-neg,0.2531
Leptotrichia-Chromatiaceae-neg,0.1885
Leptotrichia-Acinetobacter-neg,0.2439
Haemophilus-Streptococcus-pos,0.2482
Haemophilus-Neisseriaceae-pos,0.4329
Haemophilus-Capnocytophaga-pos,0.3143
Haemophilus-Parabacteroides-neg,0.3248
Haemophilus-Gemella-pos,0.2477
Haemophilus-Selenomonas-neg,0.2738
Haemophilus-Bacillus-neg,0.2205
Haemophilus-Exiguobacterium-neg,0.1221
Haemophilus-Porphyromonas-neg,0.3789
Haemophilus-Clostridiales Family XIII. Incertae Sedis-neg,0.3901
Haemophilus-Burkholderiales-pos,0.4686
Haemophilus-Enterococcus-pos,0.2798
Haemophilus-Treponema-neg,0.3631
Haemophilus-Bacteroidales-pos,0.1072
Haemophilus-Paracoccus-pos,0.1193
Haemophilus-Enterococcaceae-pos,0.4459
Haemophilus-Atopobium-neg,0.1577
Haemophilus-Gammaproteobacteria-pos,0.4162
Haemophilus-Tissierella-neg,0.1842
Haemophilus-Desulfovibrio-neg,0.3668
Haemophilus-Clostridiales-neg,0.2062
Haemophilus-Erysipelotrichaceae-pos,0.1341
Haemophilus-Hungateiclostridiaceae-neg,0.109
Haemophilus-Bacteria-neg,0.2451
Haemophilus-Synergistaceae-neg,0.3072
Haemophilus-Firmicutes-neg,0.361
Haemophilus-Bifidobacteriaceae-neg,0.2312
Haemophilus-Megasphaera-neg,0.2237
Haemophilus-Micrococcales-pos,0.1477
Haemophilus-Peptostreptococcus-pos,0.1141
Haemophilus-Rodentibacter-neg,0.1725
Haemophilus-Chromatiaceae-pos,0.2666
Haemophilus-Acinetobacter-neg,0.2424
Haemophilus-Unclassified-neg,0.2256
Neisseriaceae-Streptococcus-pos,0.2439
Neisseriaceae-Capnocytophaga-pos,0.2158
Neisseriaceae-Parabacteroides-neg,0.3471
Neisseriaceae-Lachnospiraceae-pos,0.249
Neisseriaceae-Gemella-neg,0.267
Neisseriaceae-Bacillus-neg,0.1015
Neisseriaceae-Exiguobacterium-neg,0.1131
Neisseriaceae-Porphyromonas-neg,0.435
Neisseriaceae-Clostridiales Family XIII. Incertae Sedis-neg,0.1968
Neisseriaceae-Burkholderiales-pos,0.3331
Neisseriaceae-Treponema-neg,0.3732
Neisseriaceae-Enterococcaceae-pos,0.1344
Neisseriaceae-Tissierellaceae-pos,0.2233
Neisseriaceae-Atopobium-pos,0.1174
Neisseriaceae-Gammaproteobacteria-pos,0.1726
Neisseriaceae-Tissierella-neg,0.2214
Neisseriaceae-Desulfovibrio-neg,0.1558
Neisseriaceae-Clostridiales-neg,0.3826
Neisseriaceae-Hungateiclostridiaceae-neg,0.1007
Neisseriaceae-Microbacter-pos,0.1238
Neisseriaceae-Peptostreptococcaceae-neg,0.1926
Neisseriaceae-Bacteria-neg,0.2249
Neisseriaceae-Synergistaceae-neg,0.1414
Neisseriaceae-Firmicutes-neg,0.374
Neisseriaceae-Micrococcales-pos,0.1697
Neisseriaceae-Rodentibacter-neg,0.1349
Neisseriaceae-Chromatiaceae-pos,0.2294
Neisseriaceae-Unclassified-pos,0.2373
Capnocytophaga-Streptococcus-neg,0.1742
Capnocytophaga-Parabacteroides-pos,0.1959
Capnocytophaga-Lachnospiraceae-pos,0.6745
Capnocytophaga-Gemella-pos,0.2886
Capnocytophaga-Selenomonas-pos,0.2635
Capnocytophaga-Bacillus-neg,0.495
Capnocytophaga-Exiguobacterium-neg,0.3908
Capnocytophaga-Porphyromonas-neg,0.4188
Capnocytophaga-Clostridiales Family XIII. Incertae Sedis-pos,0.1846
Capnocytophaga-Bacteroidales-pos,0.226
Capnocytophaga-Paracoccus-neg,0.2201
Capnocytophaga-Enterococcaceae-pos,0.5272
Capnocytophaga-Tissierellaceae-neg,0.1099
Capnocytophaga-Gammaproteobacteria-pos,0.4996
Capnocytophaga-Desulfovibrio-neg,0.4783
Capnocytophaga-Clostridiales-neg,0.1744
Capnocytophaga-Erysipelotrichaceae-neg,0.149
Capnocytophaga-Hungateiclostridiaceae-pos,0.4485
Capnocytophaga-Pseudomonas-neg,0.3757
Capnocytophaga-Microbacter-neg,0.1134
Capnocytophaga-Peptostreptococcaceae-pos,0.126
Capnocytophaga-Bacteria-neg,0.3329
Capnocytophaga-Synergistaceae-neg,0.3191
Capnocytophaga-Firmicutes-neg,0.2384
Capnocytophaga-Bifidobacteriaceae-neg,0.3434
Capnocytophaga-Megasphaera-neg,0.1528
Capnocytophaga-Peptostreptococcus-pos,0.1095
Capnocytophaga-Moraxella-neg,0.1182
Capnocytophaga-Opitutaceae-neg,0.2557
Capnocytophaga-Chromatiaceae-neg,0.2099
Capnocytophaga-Acinetobacter-neg,0.2739
Capnocytophaga-Unclassified-neg,0.2122
Lachnospiraceae-Streptococcus-neg,0.169
Lachnospiraceae-Parabacteroides-pos,0.23
Lachnospiraceae-Selenomonas-pos,0.4247
Lachnospiraceae-Bacillus-neg,0.4069
Lachnospiraceae-Exiguobacterium-neg,0.1419
Lachnospiraceae-Porphyromonas-neg,0.3179
Lachnospiraceae-Burkholderiales-neg,0.2522
Lachnospiraceae-Treponema-neg,0.1251
Lachnospiraceae-Bacteroidales-pos,0.1349
Lachnospiraceae-Enterococcaceae-pos,0.1115
Lachnospiraceae-Atopobium-pos,0.1759
Lachnospiraceae-Gammaproteobacteria-pos,0.3522
Lachnospiraceae-Tissierella-neg,0.1891
Lachnospiraceae-Desulfovibrio-neg,0.3014
Lachnospiraceae-Clostridiales-neg,0.2524
Lachnospiraceae-Hungateiclostridiaceae-pos,0.3637
Lachnospiraceae-Pseudomonas-neg,0.2172
Lachnospiraceae-Peptostreptococcaceae-neg,0.1892
Lachnospiraceae-Bacteria-neg,0.3738
Lachnospiraceae-Synergistaceae-neg,0.2294
Lachnospiraceae-Firmicutes-neg,0.2537
Lachnospiraceae-Micrococcales-pos,0.2034
Lachnospiraceae-Moraxella-neg,0.238
Lachnospiraceae-Opitutaceae-neg,0.1212
Lachnospiraceae-Chromatiaceae-neg,0.2192
Lachnospiraceae-Acinetobacter-neg,0.2832
Gemella-Parabacteroides-pos,0.1282
Gemella-Bacillus-neg,0.2724
Gemella-Exiguobacterium-neg,0.1488
Gemella-Bacteroidales-pos,0.1772
Gemella-Paracoccus-neg,0.1203
Gemella-Enterococcaceae-pos,0.3387
Gemella-Tissierellaceae-neg,0.1433
Gemella-Atopobium-neg,0.2262
Gemella-Gammaproteobacteria-pos,0.3886
Gemella-Desulfovibrio-neg,0.105
Gemella-Clostridiales-pos,0.2075
Gemella-Hungateiclostridiaceae-pos,0.3198
Gemella-Pseudomonas-neg,0.1764
Gemella-Microbacter-neg,0.1579
Gemella-Peptostreptococcaceae-pos,0.2485
Gemella-Synergistaceae-neg,0.1868
Gemella-Bifidobacteriaceae-neg,0.3445
Gemella-Micrococcales-neg,0.1237
Gemella-Peptostreptococcus-neg,0.228
Gemella-Opitutaceae-neg,0.1577
Gemella-Acinetobacter-neg,0.1989
Gemella-Unclassified-neg,0.3459
Selenomonas-Streptococcus-neg,0.1375
Selenomonas-Parabacteroides-pos,0.3434
Selenomonas-Bacillus-neg,0.199
Selenomonas-Exiguobacterium-neg,0.2048
Selenomonas-Clostridiales Family XIII. Incertae Sedis-pos,0.2667
Selenomonas-Burkholderiales-neg,0.4202
Selenomonas-Enterococcus-neg,0.4098
Selenomonas-Treponema-pos,0.3811
Selenomonas-Paracoccus-neg,0.3709
Selenomonas-Enterococcaceae-pos,0.2665
Selenomonas-Tissierellaceae-neg,0.1099
Selenomonas-Atopobium-pos,0.3537
Selenomonas-Gammaproteobacteria-pos,0.1282
Selenomonas-Tissierella-pos,0.2123
Selenomonas-Erysipelotrichaceae-neg,0.3545
Selenomonas-Hungateiclostridiaceae-pos,0.4271
Selenomonas-Pseudomonas-neg,0.3761
Selenomonas-Microbacter-neg,0.1696
Selenomonas-Peptostreptococcaceae-neg,0.1109
Selenomonas-Firmicutes-pos,0.1022
Selenomonas-Megasphaera-pos,0.1539
Selenomonas-Peptostreptococcus-pos,0.1752
Selenomonas-Moraxella-neg,0.304
Selenomonas-Rodentibacter-pos,0.2421
Selenomonas-Opitutaceae-neg,0.2338
Selenomonas-Acinetobacter-neg,0.1565
Selenomonas-Unclassified-pos,0.286
Bacillus-Streptococcus-pos,0.3909
Bacillus-Parabacteroides-neg,0.2823
Bacillus-Exiguobacterium-pos,0.1687
Bacillus-Porphyromonas-pos,0.1339
Bacillus-Burkholderiales-pos,0.2736
Bacillus-Enterococcus-neg,0.1624
Bacillus-Treponema-pos,0.245
Bacillus-Bacteroidales-neg,0.4265
Bacillus-Paracoccus-pos,0.1831
Bacillus-Enterococcaceae-neg,0.1148
Bacillus-Gammaproteobacteria-neg,0.354
Bacillus-Tissierella-pos,0.1772
Bacillus-Desulfovibrio-pos,0.1237
Bacillus-Hungateiclostridiaceae-neg,0.2002
Bacillus-Pseudomonas-pos,0.2274
Bacillus-Bacteria-pos,0.2651
Bacillus-Firmicutes-pos,0.1215
Bacillus-Bifidobacteriaceae-pos,0.4557
Bacillus-Micrococcales-neg,0.4342
Bacillus-Peptostreptococcus-pos,0.1242
Bacillus-Moraxella-pos,0.1607
Bacillus-Rodentibacter-pos,0.1416
Bacillus-Opitutaceae-pos,0.1528
Bacillus-Chromatiaceae-pos,0.3686
Bacillus-Acinetobacter-pos,0.3137
Bacillus-Unclassified-pos,0.2917
Exiguobacterium-Streptococcus-pos,0.1438
Exiguobacterium-Parabacteroides-neg,0.1482
Exiguobacterium-Porphyromonas-pos,0.1535
Exiguobacterium-Clostridiales Family XIII. Incertae Sedis-neg,0.2267
Exiguobacterium-Enterococcus-pos,0.594
Exiguobacterium-Treponema-neg,0.2379
Exiguobacterium-Bacteroidales-pos,0.1607
Exiguobacterium-Paracoccus-pos,0.8055
Exiguobacterium-Enterococcaceae-neg,0.3289
Exiguobacterium-Atopobium-neg,0.1321
Exiguobacterium-Gammaproteobacteria-neg,0.2288
Exiguobacterium-Tissierella-neg,0.2299
Exiguobacterium-Desulfovibrio-pos,0.2368
Exiguobacterium-Erysipelotrichaceae-pos,0.6974
Exiguobacterium-Hungateiclostridiaceae-neg,0.42
Exiguobacterium-Pseudomonas-pos,0.7002
Exiguobacterium-Microbacter-pos,0.7724
Exiguobacterium-Peptostreptococcaceae-neg,0.2711
Exiguobacterium-Bifidobacteriaceae-pos,0.2955
Exiguobacterium-Micrococcales-pos,0.413
Exiguobacterium-Peptostreptococcus-neg,0.1411
Exiguobacterium-Moraxella-pos,0.2689
Exiguobacterium-Opitutaceae-pos,0.673
Exiguobacterium-Acinetobacter-pos,0.1333
Exiguobacterium-Unclassified-pos,0.1258
Porphyromonas-Streptococcus-neg,0.3537
Porphyromonas-Parabacteroides-pos,0.3527
Porphyromonas-Clostridiales Family XIII. Incertae Sedis-pos,0.1038
Porphyromonas-Burkholderiales-neg,0.2009
Porphyromonas-Treponema-pos,0.2744
Porphyromonas-Enterococcaceae-neg,0.2439
Porphyromonas-Tissierellaceae-pos,0.1491
Porphyromonas-Gammaproteobacteria-neg,0.2882
Porphyromonas-Tissierella-pos,0.3585
Porphyromonas-Desulfovibrio-pos,0.4482
Porphyromonas-Clostridiales-pos,0.5236
Porphyromonas-Hungateiclostridiaceae-neg,0.207
Porphyromonas-Pseudomonas-pos,0.135
Porphyromonas-Bacteria-pos,0.502
Porphyromonas-Synergistaceae-pos,0.5292
Porphyromonas-Firmicutes-pos,0.5272
Porphyromonas-Megasphaera-pos,0.3137
Porphyromonas-Peptostreptococcus-neg,0.1187
Porphyromonas-Rodentibacter-neg,0.2297
Porphyromonas-Opitutaceae-pos,0.1304
Porphyromonas-Chromatiaceae-neg,0.1071
Porphyromonas-Acinetobacter-pos,0.1384
Porphyromonas-Unclassified-neg,0.2556
Burkholderiales-Streptococcus-pos,0.2808
Burkholderiales-Parabacteroides-neg,0.4422
Burkholderiales-Clostridiales Family XIII. Incertae Sedis-neg,0.1838
Burkholderiales-Enterococcus-pos,0.2207
Burkholderiales-Treponema-neg,0.1607
Burkholderiales-Paracoccus-pos,0.2253
Burkholderiales-Enterococcaceae-pos,0.1309
Burkholderiales-Atopobium-neg,0.174
Burkholderiales-Desulfovibrio-neg,0.2526
Burkholderiales-Clostridiales-neg,0.2157
Burkholderiales-Erysipelotrichaceae-pos,0.1167
Burkholderiales-Hungateiclostridiaceae-neg,0.2342
Burkholderiales-Peptostreptococcaceae-pos,0.1032
Burkholderiales-Firmicutes-neg,0.1735
Burkholderiales-Micrococcales-neg,0.1168
Burkholderiales-Rodentibacter-neg,0.1561
Burkholderiales-Chromatiaceae-pos,0.1289
Burkholderiales-Unclassified-neg,0.1395
Paracoccus-Streptococcus-pos,0.2616
Paracoccus-Parabacteroides-neg,0.3619
Paracoccus-Clostridiales Family XIII. Incertae Sedis-neg,0.3131
Paracoccus-Enterococcus-pos,0.7003
Paracoccus-Treponema-neg,0.3714
Paracoccus-Bacteroidales-pos,0.1466
Paracoccus-Enterococcaceae-neg,0.1685
Paracoccus-Atopobium-neg,0.1769
Paracoccus-Gammaproteobacteria-neg,0.1119
Paracoccus-Tissierella-neg,0.2303
Paracoccus-Clostridiales-neg,0.1431
Paracoccus-Erysipelotrichaceae-pos,0.7245
Paracoccus-Hungateiclostridiaceae-neg,0.4476
Paracoccus-Pseudomonas-pos,0.6966
Paracoccus-Microbacter-pos,0.6458
Paracoccus-Peptostreptococcaceae-neg,0.1529
Paracoccus-Bacteria-neg,0.1322
Paracoccus-Firmicutes-neg,0.1718
Paracoccus-Bifidobacteriaceae-pos,0.2705
Paracoccus-Megasphaera-neg,0.1076
Paracoccus-Micrococcales-pos,0.3678
Paracoccus-Moraxella-pos,0.2631
Paracoccus-Rodentibacter-neg,0.1048
Paracoccus-Opitutaceae-pos,0.6175
Enterococcaceae-Streptococcus-pos,0.123
Enterococcaceae-Clostridiales Family XIII. Incertae Sedis-neg,0.1074
Enterococcaceae-Treponema-pos,0.1055
Enterococcaceae-Tissierellaceae-neg,0.3112
Enterococcaceae-Gammaproteobacteria-pos,0.3303
Enterococcaceae-Tissierella-pos,0.1318
Enterococcaceae-Desulfovibrio-neg,0.354
Enterococcaceae-Clostridiales-neg,0.1995
Enterococcaceae-Erysipelotrichaceae-neg,0.256
Enterococcaceae-Hungateiclostridiaceae-pos,0.2754
Enterococcaceae-Pseudomonas-neg,0.2944
Enterococcaceae-Microbacter-neg,0.2374
Enterococcaceae-Peptostreptococcaceae-pos,0.1742
Enterococcaceae-Bacteria-neg,0.1947
Enterococcaceae-Synergistaceae-neg,0.3394
Enterococcaceae-Firmicutes-neg,0.2706
Enterococcaceae-Micrococcales-neg,0.1503
Enterococcaceae-Peptostreptococcus-pos,0.1395
Enterococcaceae-Opitutaceae-neg,0.1976
Enterococcaceae-Chromatiaceae-pos,0.1236
Enterococcaceae-Acinetobacter-neg,0.2793
Tissierellaceae-Enterococcus-neg,0.1218
Tissierellaceae-Treponema-neg,0.1921
Tissierellaceae-Bacteroidales-neg,0.1087
Tissierellaceae-Atopobium-pos,0.1098
Tissierellaceae-Gammaproteobacteria-neg,0.1768
Tissierellaceae-Tissierella-neg,0.2846
Tissierellaceae-Desulfovibrio-pos,0.1824
Tissierellaceae-Erysipelotrichaceae-pos,0.1522
Tissierellaceae-Peptostreptococcaceae-neg,0.234
Tissierellaceae-Synergistaceae-pos,0.1672
Tissierellaceae-Bifidobacteriaceae-pos,0.1301
Tissierellaceae-Megasphaera-pos,0.1016
Tissierellaceae-Peptostreptococcus-pos,0.1046
Tissierellaceae-Acinetobacter-pos,0.2129
Tissierellaceae-Unclassified-neg,0.1058
Atopobium-Streptococcus-pos,0.1839
Atopobium-Clostridiales Family XIII. Incertae Sedis-pos,0.2355
Atopobium-Enterococcus-neg,0.2863
Atopobium-Bacteroidales-neg,0.4284
Atopobium-Gammaproteobacteria-neg,0.1694
Atopobium-Clostridiales-neg,0.1678
Atopobium-Erysipelotrichaceae-neg,0.3097
Atopobium-Hungateiclostridiaceae-pos,0.1876
Atopobium-Pseudomonas-neg,0.2127
Atopobium-Microbacter-neg,0.1436
Atopobium-Peptostreptococcaceae-neg,0.1248
Atopobium-Bifidobacteriaceae-pos,0.2376
Atopobium-Megasphaera-pos,0.4184
Atopobium-Moraxella-neg,0.2353
Atopobium-Rodentibacter-pos,0.1282
Atopobium-Unclassified-pos,0.3382
Gammaproteobacteria-Streptococcus-neg,0.2031
Gammaproteobacteria-Parabacteroides-pos,0.2796
Gammaproteobacteria-Treponema-neg,0.1166
Gammaproteobacteria-Bacteroidales-pos,0.4702
Gammaproteobacteria-Tissierella-neg,0.2082
Gammaproteobacteria-Desulfovibrio-neg,0.2097
Gammaproteobacteria-Erysipelotrichaceae-neg,0.1839
Gammaproteobacteria-Hungateiclostridiaceae-pos,0.2138
Gammaproteobacteria-Pseudomonas-neg,0.2378
Gammaproteobacteria-Microbacter-neg,0.1553
Gammaproteobacteria-Peptostreptococcaceae-pos,0.1317
Gammaproteobacteria-Synergistaceae-neg,0.2011
Gammaproteobacteria-Firmicutes-neg,0.1197
Gammaproteobacteria-Bifidobacteriaceae-neg,0.4419
Gammaproteobacteria-Megasphaera-neg,0.1671
Gammaproteobacteria-Rodentibacter-pos,0.124
Gammaproteobacteria-Opitutaceae-neg,0.2341
Gammaproteobacteria-Chromatiaceae-pos,0.1145
Gammaproteobacteria-Acinetobacter-neg,0.302
Gammaproteobacteria-Unclassified-neg,0.1527
Desulfovibrio-Parabacteroides-pos,0.2557
Desulfovibrio-Enterococcus-neg,0.1403
Desulfovibrio-Treponema-pos,0.1688
Desulfovibrio-Tissierella-pos,0.1591
Desulfovibrio-Clostridiales-pos,0.1981
Desulfovibrio-Pseudomonas-pos,0.1445
Desulfovibrio-Bacteria-pos,0.3008
Desulfovibrio-Synergistaceae-pos,0.417
Desulfovibrio-Firmicutes-pos,0.3437
Desulfovibrio-Bifidobacteriaceae-pos,0.1573
Desulfovibrio-Megasphaera-pos,0.1108
Desulfovibrio-Peptostreptococcus-neg,0.2237
Desulfovibrio-Chromatiaceae-pos,0.1475
Desulfovibrio-Acinetobacter-pos,0.2245
Desulfovibrio-Unclassified-pos,0.1544
Clostridiales-Streptococcus-neg,0.406
Clostridiales-Parabacteroides-pos,0.3417
Clostridiales-Clostridiales Family XIII. Incertae Sedis-pos,0.2898
Clostridiales-Treponema-pos,0.2976
Clostridiales-Tissierella-pos,0.2293
Clostridiales-Peptostreptococcaceae-pos,0.2896
Clostridiales-Bacteria-pos,0.4468
Clostridiales-Synergistaceae-pos,0.2971
Clostridiales-Firmicutes-pos,0.5576
Clostridiales-Bifidobacteriaceae-neg,0.2985
Clostridiales-Megasphaera-pos,0.1689
Clostridiales-Micrococcales-neg,0.1901
Clostridiales-Rodentibacter-neg,0.1908
Clostridiales-Unclassified-neg,0.4823
Erysipelotrichaceae-Streptococcus-pos,0.1552
Erysipelotrichaceae-Parabacteroides-neg,0.2617
Erysipelotrichaceae-Clostridiales Family XIII. Incertae Sedis-neg,0.2947
Erysipelotrichaceae-Enterococcus-pos,0.6634
Erysipelotrichaceae-Treponema-neg,0.3714
Erysipelotrichaceae-Bacteroidales-pos,0.2269
Erysipelotrichaceae-Tissierella-neg,0.2514
Erysipelotrichaceae-Hungateiclostridiaceae-neg,0.4168
Erysipelotrichaceae-Pseudomonas-pos,0.7113
Erysipelotrichaceae-Microbacter-pos,0.7343
Erysipelotrichaceae-Peptostreptococcaceae-neg,0.2682
Erysipelotrichaceae-Bacteria-neg,0.1822
Erysipelotrichaceae-Synergistaceae-neg,0.1098
Erysipelotrichaceae-Firmicutes-neg,0.203
Erysipelotrichaceae-Megasphaera-neg,0.166
Erysipelotrichaceae-Micrococcales-pos,0.5184
Erysipelotrichaceae-Moraxella-pos,0.3142
Erysipelotrichaceae-Opitutaceae-pos,0.6093
Erysipelotrichaceae-Chromatiaceae-neg,0.1079
Hungateiclostridiaceae-Parabacteroides-pos,0.4896
Hungateiclostridiaceae-Clostridiales Family XIII. Incertae Sedis-pos,0.2906
Hungateiclostridiaceae-Enterococcus-neg,0.449
Hungateiclostridiaceae-Treponema-pos,0.2396
Hungateiclostridiaceae-Pseudomonas-neg,0.5421
Hungateiclostridiaceae-Microbacter-neg,0.4105
Hungateiclostridiaceae-Peptostreptococcaceae-pos,0.1349
Hungateiclostridiaceae-Synergistaceae-neg,0.1789
Hungateiclostridiaceae-Micrococcales-neg,0.2267
Hungateiclostridiaceae-Moraxella-neg,0.1293
Hungateiclostridiaceae-Rodentibacter-pos,0.3188
Hungateiclostridiaceae-Opitutaceae-neg,0.5076
Hungateiclostridiaceae-Chromatiaceae-neg,0.1569
Hungateiclostridiaceae-Unclassified-pos,0.1714
Pseudomonas-Streptococcus-pos,0.1711
Pseudomonas-Parabacteroides-neg,0.3543
Pseudomonas-Clostridiales Family XIII. Incertae Sedis-neg,0.4844
Pseudomonas-Enterococcus-pos,0.6151
Pseudomonas-Treponema-neg,0.3271
Pseudomonas-Microbacter-pos,0.6336
Pseudomonas-Peptostreptococcaceae-neg,0.2639
Pseudomonas-Firmicutes-neg,0.1621
Pseudomonas-Bifidobacteriaceae-pos,0.136
Pseudomonas-Micrococcales-pos,0.3468
Pseudomonas-Moraxella-pos,0.3189
Pseudomonas-Rodentibacter-neg,0.1373
Pseudomonas-Opitutaceae-pos,0.6123
Pseudomonas-Chromatiaceae-pos,0.1829
Microbacter-Parabacteroides-neg,0.2339
Microbacter-Clostridiales Family XIII. Incertae Sedis-neg,0.302
Microbacter-Enterococcus-pos,0.6111
Microbacter-Treponema-neg,0.3984
Microbacter-Bacteroidales-pos,0.3083
Microbacter-Tissierella-neg,0.2481
Microbacter-Peptostreptococcaceae-neg,0.3327
Microbacter-Bacteria-neg,0.2163
Microbacter-Firmicutes-neg,0.1984
Microbacter-Micrococcales-pos,0.5894
Microbacter-Opitutaceae-pos,0.6637
Microbacter-Acinetobacter-neg,0.1064
Bacteria-Streptococcus-neg,0.208
Bacteria-Parabacteroides-pos,0.2356
Bacteria-Clostridiales Family XIII. Incertae Sedis-pos,0.2087
Bacteria-Enterococcus-neg,0.1117
Bacteria-Treponema-pos,0.3985
Bacteria-Tissierella-pos,0.3404
Bacteria-Peptostreptococcaceae-pos,0.1395
Bacteria-Synergistaceae-pos,0.2408
Bacteria-Firmicutes-pos,0.4151
Bacteria-Bifidobacteriaceae-neg,0.169
Bacteria-Megasphaera-pos,0.1482
Bacteria-Micrococcales-neg,0.2787
Bacteria-Acinetobacter-pos,0.2387
Synergistaceae-Streptococcus-neg,0.1903
Synergistaceae-Parabacteroides-pos,0.2503
Synergistaceae-Clostridiales Family XIII. Incertae Sedis-pos,0.1886
Synergistaceae-Enterococcus-neg,0.2394
Synergistaceae-Treponema-pos,0.2219
Synergistaceae-Tissierella-pos,0.2101
Synergistaceae-Peptostreptococcaceae-pos,0.1117
Synergistaceae-Firmicutes-pos,0.5176
Synergistaceae-Megasphaera-pos,0.1479
Synergistaceae-Micrococcales-neg,0.1228
Firmicutes-Streptococcus-neg,0.308
Firmicutes-Parabacteroides-pos,0.4832
Firmicutes-Clostridiales Family XIII. Incertae Sedis-pos,0.2732
Firmicutes-Enterococcus-neg,0.3134
Firmicutes-Treponema-pos,0.5436
Firmicutes-Tissierella-pos,0.3073
Firmicutes-Peptostreptococcaceae-pos,0.1952
Firmicutes-Micrococcales-neg,0.2451
Firmicutes-Peptostreptococcus-neg,0.1262
Firmicutes-Rodentibacter-neg,0.1075
Firmicutes-Opitutaceae-neg,0.1667
Firmicutes-Chromatiaceae-neg,0.1994
Firmicutes-Acinetobacter-pos,0.2028
Firmicutes-Unclassified-neg,0.1502
Bifidobacteriaceae-Streptococcus-pos,0.5256
Bifidobacteriaceae-Parabacteroides-neg,0.1635
Bifidobacteriaceae-Clostridiales Family XIII. Incertae Sedis-neg,0.1074
Bifidobacteriaceae-Bacteroidales-neg,0.3629
Bifidobacteriaceae-Peptostreptococcaceae-neg,0.1422
Bifidobacteriaceae-Micrococcales-neg,0.1523
Bifidobacteriaceae-Peptostreptococcus-pos,0.1324
Bifidobacteriaceae-Opitutaceae-pos,0.1823
Bifidobacteriaceae-Chromatiaceae-pos,0.1419
Bifidobacteriaceae-Acinetobacter-pos,0.2514
Bifidobacteriaceae-Unclassified-pos,0.5989
Megasphaera-Clostridiales Family XIII. Incertae Sedis-pos,0.1462
Megasphaera-Bacteroidales-neg,0.1021
Megasphaera-Tissierella-pos,0.1496
Megasphaera-Peptostreptococcaceae-neg,0.133
Megasphaera-Peptostreptococcus-neg,0.1246
Megasphaera-Moraxella-neg,0.1237
Peptostreptococcus-Parabacteroides-neg,0.1121
Peptostreptococcus-Tissierella-pos,0.1533
Peptostreptococcus-Moraxella-neg,0.2006
Peptostreptococcus-Rodentibacter-pos,0.1393
Moraxella-Streptococcus-pos,0.2154
Moraxella-Parabacteroides-neg,0.173
Moraxella-Clostridiales Family XIII. Incertae Sedis-neg,0.2196
Moraxella-Enterococcus-pos,0.243
Moraxella-Treponema-neg,0.115
Moraxella-Peptostreptococcaceae-pos,0.1419
Moraxella-Rodentibacter-neg,0.1867
Moraxella-Opitutaceae-pos,0.146
Moraxella-Acinetobacter-pos,0.2127
Opitutaceae-Streptococcus-pos,0.1685
Opitutaceae-Parabacteroides-neg,0.3889
Opitutaceae-Clostridiales Family XIII. Incertae Sedis-neg,0.3688
Opitutaceae-Enterococcus-pos,0.5574
Opitutaceae-Treponema-neg,0.2914
Opitutaceae-Bacteroidales-pos,0.2383
Opitutaceae-Tissierella-neg,0.1944
Opitutaceae-Peptostreptococcaceae-neg,0.2315
Opitutaceae-Micrococcales-pos,0.3822
Opitutaceae-Rodentibacter-neg,0.1216
Opitutaceae-Chromatiaceae-pos,0.1135
Acinetobacter-Treponema-pos,0.2112
Acinetobacter-Bacteroidales-neg,0.3474
Acinetobacter-Micrococcales-neg,0.2021
Unclassified-Streptococcus-pos,0.6478
Unclassified-Parabacteroides-neg,0.1339
Unclassified-Clostridiales Family XIII. Incertae Sedis-neg,0.2137
Unclassified-Enterococcus-neg,0.1826
Unclassified-Bacteroidales-neg,0.1089
Unclassified-Peptostreptococcaceae-neg,0.1228
Unclassified-Rodentibacter-pos,0.2813
Unclassified-Chromatiaceae-pos,0.192
Streptococcus-Parabacteroides-neg,0.5591
Streptococcus-Clostridiales Family XIII. Incertae Sedis-neg,0.3852
Streptococcus-Treponema-neg,0.2505
Streptococcus-Bacteroidales-neg,0.2115
Streptococcus-Tissierella-neg,0.1051
Streptococcus-Rodentibacter-pos,0.1775
Streptococcus-Chromatiaceae-pos,0.2405
Parabacteroides-Clostridiales Family XIII. Incertae Sedis-pos,0.3373
Parabacteroides-Enterococcus-neg,0.3644
Parabacteroides-Treponema-pos,0.3803
Parabacteroides-Tissierella-pos,0.1222
Parabacteroides-Peptostreptococcaceae-pos,0.1521
Parabacteroides-Micrococcales-neg,0.1605
Parabacteroides-Rodentibacter-pos,0.1759
Parabacteroides-Chromatiaceae-neg,0.2651
Clostridiales Family XIII. Incertae Sedis-Enterococcus-neg,0.3724
Clostridiales Family XIII. Incertae Sedis-Treponema-pos,0.4229
Clostridiales Family XIII. Incertae Sedis-Bacteroidales-neg,0.1259
Clostridiales Family XIII. Incertae Sedis-Tissierella-pos,0.2932
Clostridiales Family XIII. Incertae Sedis-Peptostreptococcaceae-pos,0.2769
Clostridiales Family XIII. Incertae Sedis-Micrococcales-neg,0.3465
Clostridiales Family XIII. Incertae Sedis-Chromatiaceae-neg,0.2679
Enterococcus-Treponema-neg,0.4761
Enterococcus-Bacteroidales-pos,0.3409
Enterococcus-Tissierella-neg,0.2057
Enterococcus-Peptostreptococcaceae-neg,0.1393
Enterococcus-Micrococcales-pos,0.4605
Enterococcus-Rodentibacter-neg,0.2245
Treponema-Bacteroidales-neg,0.2482
Treponema-Tissierella-pos,0.5043
Treponema-Peptostreptococcaceae-pos,0.2519
Treponema-Micrococcales-neg,0.4062
Treponema-Chromatiaceae-neg,0.1733
Bacteroidales-Tissierella-neg,0.1268
Bacteroidales-Peptostreptococcaceae-pos,0.1347
Bacteroidales-Micrococcales-pos,0.2955
Bacteroidales-Chromatiaceae-neg,0.1376
Tissierella-Peptostreptococcaceae-pos,0.1005
Tissierella-Micrococcales-neg,0.1762
Tissierella-Rodentibacter-neg,0.1702
Tissierella-Chromatiaceae-neg,0.1252
Rodentibacter-Chromatiaceae-pos,0.1273
Peptostreptococcaceae-Micrococcales-neg,0.3253
